[
   {
      "levels" : [
         {
            "dexteritry" : 0,
            "exp" : 0,
            "hp" : 0,
            "intelligence" : 0,
            "mp" : 0,
            "strength" : 0
         }, // Level 0
         {
            "dexteritry" : 0,
            "exp" : 0,
            "hp" : 0,
            "intelligence" : 0,
            "mp" : 0,
            "strength" : 0
         }, // Level 1
         {
            "dexteritry" : 0,
            "exp" : 300,
            "hp" : 0,
            "intelligence" : 0,
            "mp" : 0,
            "strength" : 0
         }, // Level 2
         {
            "dexteritry" : 0,
            "exp" : 600,
            "hp" : 0,
            "intelligence" : 0,
            "mp" : 0,
            "strength" : 0
         }, // Level 3
         {
            "dexteritry" : 0,
            "exp" : 900,
            "hp" : 0,
            "intelligence" : 0,
            "mp" : 0,
            "strength" : 0
         }, // Level 4
         {
            "dexteritry" : 0,
            "exp" : 1200,
            "hp" : 0,
            "intelligence" : 0,
            "mp" : 0,
            "strength" : 0
         } // Level 5
      ],
      "promotions" : [ "평민" ]
   }, // class id 0
   {
      "levels" : [
         {
            "dexteritry" : 0,
            "exp" : 1200,
            "hp" : 0,
            "intelligence" : 0,
            "mp" : 0,
            "strength" : 0
         }, // Level 5
         {
            "dexteritry" : 0,
            "exp" : 2400,
            "hp" : 0,
            "intelligence" : 0,
            "mp" : 0,
            "strength" : 0
         }, // Level 6
         {
            "dexteritry" : 0,
            "exp" : 3600,
            "hp" : 0,
            "intelligence" : 0,
            "mp" : 0,
            "strength" : 0
         }, // Level 7
         {
            "dexteritry" : 0,
            "exp" : 4800,
            "hp" : 0,
            "intelligence" : 0,
            "mp" : 0,
            "strength" : 0
         }, // Level 8
         {
            "dexteritry" : 0,
            "exp" : 6000,
            "hp" : 0,
            "intelligence" : 0,
            "mp" : 0,
            "strength" : 0
         }, // Level 9
         {
            "dexteritry" : 0,
            "exp" : 8400,
            "hp" : 0,
            "intelligence" : 0,
            "mp" : 0,
            "strength" : 0
         }, // Level 10
         {
            "dexteritry" : 0,
            "exp" : 10800,
            "hp" : 0,
            "intelligence" : 0,
            "mp" : 0,
            "strength" : 0
         }, // Level 11
         {
            "dexteritry" : 0,
            "exp" : 13200,
            "hp" : 0,
            "intelligence" : 0,
            "mp" : 0,
            "strength" : 0
         }, // Level 12
         {
            "dexteritry" : 0,
            "exp" : 18000,
            "hp" : 0,
            "intelligence" : 0,
            "mp" : 0,
            "strength" : 0
         }, // Level 13
         {
            "dexteritry" : 0,
            "exp" : 22800,
            "hp" : 0,
            "intelligence" : 0,
            "mp" : 0,
            "strength" : 0
         }, // Level 14
         {
            "dexteritry" : 0,
            "exp" : 27600,
            "hp" : 0,
            "intelligence" : 0,
            "mp" : 0,
            "strength" : 0
         }, // Level 15
         {
            "dexteritry" : 0,
            "exp" : 37200,
            "hp" : 0,
            "intelligence" : 0,
            "mp" : 0,
            "strength" : 0
         }, // Level 16
         {
            "dexteritry" : 0,
            "exp" : 46800,
            "hp" : 0,
            "intelligence" : 0,
            "mp" : 0,
            "strength" : 0
         }, // Level 17
         {
            "dexteritry" : 0,
            "exp" : 56400,
            "hp" : 0,
            "intelligence" : 0,
            "mp" : 0,
            "strength" : 0
         }, // Level 18
         {
            "dexteritry" : 0,
            "exp" : 75600,
            "hp" : 0,
            "intelligence" : 0,
            "mp" : 0,
            "strength" : 0
         }, // Level 19
         {
            "dexteritry" : 0,
            "exp" : 94800,
            "hp" : 0,
            "intelligence" : 0,
            "mp" : 0,
            "strength" : 0
         }, // Level 20
         {
            "dexteritry" : 0,
            "exp" : 114000,
            "hp" : 0,
            "intelligence" : 0,
            "mp" : 0,
            "strength" : 0
         }, // Level 21
         {
            "dexteritry" : 0,
            "exp" : 152400,
            "hp" : 0,
            "intelligence" : 0,
            "mp" : 0,
            "strength" : 0
         }, // Level 22
         {
            "dexteritry" : 0,
            "exp" : 190800,
            "hp" : 0,
            "intelligence" : 0,
            "mp" : 0,
            "strength" : 0
         }, // Level 23
         {
            "dexteritry" : 0,
            "exp" : 229200,
            "hp" : 0,
            "intelligence" : 0,
            "mp" : 0,
            "strength" : 0
         }, // Level 24
         {
            "dexteritry" : 0,
            "exp" : 306000,
            "hp" : 0,
            "intelligence" : 0,
            "mp" : 0,
            "strength" : 0
         }, // Level 25
         {
            "dexteritry" : 0,
            "exp" : 382800,
            "hp" : 0,
            "intelligence" : 0,
            "mp" : 0,
            "strength" : 0
         }, // Level 26
         {
            "dexteritry" : 0,
            "exp" : 459600,
            "hp" : 0,
            "intelligence" : 0,
            "mp" : 0,
            "strength" : 0
         }, // Level 27
         {
            "dexteritry" : 0,
            "exp" : 613200,
            "hp" : 0,
            "intelligence" : 0,
            "mp" : 0,
            "strength" : 0
         }, // Level 28
         {
            "dexteritry" : 0,
            "exp" : 766800,
            "hp" : 0,
            "intelligence" : 0,
            "mp" : 0,
            "strength" : 0
         }, // Level 29
         {
            "dexteritry" : 0,
            "exp" : 920400,
            "hp" : 0,
            "intelligence" : 0,
            "mp" : 0,
            "strength" : 0
         }, // Level 30
         {
            "dexteritry" : 0,
            "exp" : 1140000,
            "hp" : 0,
            "intelligence" : 0,
            "mp" : 0,
            "strength" : 0
         }, // Level 31
         {
            "dexteritry" : 0,
            "exp" : 1370000,
            "hp" : 0,
            "intelligence" : 0,
            "mp" : 0,
            "strength" : 0
         }, // Level 32
         {
            "dexteritry" : 0,
            "exp" : 1590000,
            "hp" : 0,
            "intelligence" : 0,
            "mp" : 0,
            "strength" : 0
         }, // Level 33
         {
            "dexteritry" : 0,
            "exp" : 1900000,
            "hp" : 0,
            "intelligence" : 0,
            "mp" : 0,
            "strength" : 0
         }, // Level 34
         {
            "dexteritry" : 0,
            "exp" : 2290000,
            "hp" : 0,
            "intelligence" : 0,
            "mp" : 0,
            "strength" : 0
         }, // Level 35
         {
            "dexteritry" : 0,
            "exp" : 2510000,
            "hp" : 0,
            "intelligence" : 0,
            "mp" : 0,
            "strength" : 0
         }, // Level 36
         {
            "dexteritry" : 0,
            "exp" : 2960000,
            "hp" : 0,
            "intelligence" : 0,
            "mp" : 0,
            "strength" : 0
         }, // Level 37
         {
            "dexteritry" : 0,
            "exp" : 3410000,
            "hp" : 0,
            "intelligence" : 0,
            "mp" : 0,
            "strength" : 0
         }, // Level 38
         {
            "dexteritry" : 0,
            "exp" : 3860000,
            "hp" : 0,
            "intelligence" : 0,
            "mp" : 0,
            "strength" : 0
         }, // Level 39
         {
            "dexteritry" : 0,
            "exp" : 4350000,
            "hp" : 0,
            "intelligence" : 0,
            "mp" : 0,
            "strength" : 0
         }, // Level 40
         {
            "dexteritry" : 0,
            "exp" : 4800000,
            "hp" : 0,
            "intelligence" : 0,
            "mp" : 0,
            "strength" : 0
         }, // Level 41
         {
            "dexteritry" : 0,
            "exp" : 5340000,
            "hp" : 0,
            "intelligence" : 0,
            "mp" : 0,
            "strength" : 0
         }, // Level 42
         {
            "dexteritry" : 0,
            "exp" : 6060000,
            "hp" : 0,
            "intelligence" : 0,
            "mp" : 0,
            "strength" : 0
         }, // Level 43
         {
            "dexteritry" : 0,
            "exp" : 6780000,
            "hp" : 0,
            "intelligence" : 0,
            "mp" : 0,
            "strength" : 0
         }, // Level 44
         {
            "dexteritry" : 0,
            "exp" : 7510000,
            "hp" : 0,
            "intelligence" : 0,
            "mp" : 0,
            "strength" : 0
         }, // Level 45
         {
            "dexteritry" : 0,
            "exp" : 8480000,
            "hp" : 0,
            "intelligence" : 0,
            "mp" : 0,
            "strength" : 0
         }, // Level 46
         {
            "dexteritry" : 0,
            "exp" : 9460000,
            "hp" : 0,
            "intelligence" : 0,
            "mp" : 0,
            "strength" : 0
         }, // Level 47
         {
            "dexteritry" : 0,
            "exp" : 10450000,
            "hp" : 0,
            "intelligence" : 0,
            "mp" : 0,
            "strength" : 0
         }, // Level 48
         {
            "dexteritry" : 0,
            "exp" : 18890000,
            "hp" : 0,
            "intelligence" : 0,
            "mp" : 0,
            "strength" : 0
         }, // Level 49
         {
            "dexteritry" : 0,
            "exp" : 13330000,
            "hp" : 0,
            "intelligence" : 0,
            "mp" : 0,
            "strength" : 0
         }, // Level 50
         {
            "dexteritry" : 0,
            "exp" : 14770000,
            "hp" : 0,
            "intelligence" : 0,
            "mp" : 0,
            "strength" : 0
         }, // Level 51
         {
            "dexteritry" : 0,
            "exp" : 16400000,
            "hp" : 0,
            "intelligence" : 0,
            "mp" : 0,
            "strength" : 0
         }, // Level 52
         {
            "dexteritry" : 0,
            "exp" : 18040000,
            "hp" : 0,
            "intelligence" : 0,
            "mp" : 0,
            "strength" : 0
         }, // Level 53
         {
            "dexteritry" : 0,
            "exp" : 19680000,
            "hp" : 0,
            "intelligence" : 0,
            "mp" : 0,
            "strength" : 0
         }, // Level 54
         {
            "dexteritry" : 0,
            "exp" : 22080000,
            "hp" : 0,
            "intelligence" : 0,
            "mp" : 0,
            "strength" : 0
         }, // Level 55
         {
            "dexteritry" : 0,
            "exp" : 24480000,
            "hp" : 0,
            "intelligence" : 0,
            "mp" : 0,
            "strength" : 0
         }, // Level 56
         {
            "dexteritry" : 0,
            "exp" : 26880000,
            "hp" : 0,
            "intelligence" : 0,
            "mp" : 0,
            "strength" : 0
         }, // Level 57
         {
            "dexteritry" : 0,
            "exp" : 30380000,
            "hp" : 0,
            "intelligence" : 0,
            "mp" : 0,
            "strength" : 0
         }, // Level 58
         {
            "dexteritry" : 0,
            "exp" : 35880000,
            "hp" : 0,
            "intelligence" : 0,
            "mp" : 0,
            "strength" : 0
         }, // Level 59
         {
            "dexteritry" : 0,
            "exp" : 40380000,
            "hp" : 0,
            "intelligence" : 0,
            "mp" : 0,
            "strength" : 0
         }, // Level 60
         {
            "dexteritry" : 0,
            "exp" : 47780000,
            "hp" : 0,
            "intelligence" : 0,
            "mp" : 0,
            "strength" : 0
         }, // Level 61
         {
            "dexteritry" : 0,
            "exp" : 47780000,
            "hp" : 0,
            "intelligence" : 0,
            "mp" : 0,
            "strength" : 0
         }, // Level 62
         {
            "dexteritry" : 0,
            "exp" : 63580000,
            "hp" : 0,
            "intelligence" : 0,
            "mp" : 0,
            "strength" : 0
         }, // Level 63
         {
            "dexteritry" : 0,
            "exp" : 72900000,
            "hp" : 0,
            "intelligence" : 0,
            "mp" : 0,
            "strength" : 0
         }, // Level 64
         {
            "dexteritry" : 0,
            "exp" : 81220000,
            "hp" : 0,
            "intelligence" : 0,
            "mp" : 0,
            "strength" : 0
         }, // Level 65
         {
            "dexteritry" : 0,
            "exp" : 92540000,
            "hp" : 0,
            "intelligence" : 0,
            "mp" : 0,
            "strength" : 0
         }, // Level 66
         {
            "dexteritry" : 0,
            "exp" : 100000000,
            "hp" : 0,
            "intelligence" : 0,
            "mp" : 0,
            "strength" : 0
         }, // Level 67
         {
            "dexteritry" : 0,
            "exp" : 110000000,
            "hp" : 0,
            "intelligence" : 0,
            "mp" : 0,
            "strength" : 0
         }, // Level 68
         {
            "dexteritry" : 0,
            "exp" : 120000000,
            "hp" : 0,
            "intelligence" : 0,
            "mp" : 0,
            "strength" : 0
         }, // Level 69
         {
            "dexteritry" : 0,
            "exp" : 140000000,
            "hp" : 0,
            "intelligence" : 0,
            "mp" : 0,
            "strength" : 0
         }, // Level 70
         {
            "dexteritry" : 0,
            "exp" : 160000000,
            "hp" : 0,
            "intelligence" : 0,
            "mp" : 0,
            "strength" : 0
         }, // Level 71
         {
            "dexteritry" : 0,
            "exp" : 170000000,
            "hp" : 0,
            "intelligence" : 0,
            "mp" : 0,
            "strength" : 0
         }, // Level 72
         {
            "dexteritry" : 0,
            "exp" : 200000000,
            "hp" : 0,
            "intelligence" : 0,
            "mp" : 0,
            "strength" : 0
         }, // Level 73
         {
            "dexteritry" : 0,
            "exp" : 220000000,
            "hp" : 0,
            "intelligence" : 0,
            "mp" : 0,
            "strength" : 0
         }, // Level 74
         {
            "dexteritry" : 0,
            "exp" : 250000000,
            "hp" : 0,
            "intelligence" : 0,
            "mp" : 0,
            "strength" : 0
         }, // Level 75
         {
            "dexteritry" : 0,
            "exp" : 290000000,
            "hp" : 0,
            "intelligence" : 0,
            "mp" : 0,
            "strength" : 0
         }, // Level 76
         {
            "dexteritry" : 0,
            "exp" : 330000000,
            "hp" : 0,
            "intelligence" : 0,
            "mp" : 0,
            "strength" : 0
         }, // Level 77
         {
            "dexteritry" : 0,
            "exp" : 370000000,
            "hp" : 0,
            "intelligence" : 0,
            "mp" : 0,
            "strength" : 0
         }, // Level 78
         {
            "dexteritry" : 0,
            "exp" : 400000000,
            "hp" : 0,
            "intelligence" : 0,
            "mp" : 0,
            "strength" : 0
         }, // Level 79
         {
            "dexteritry" : 0,
            "exp" : 470000000,
            "hp" : 0,
            "intelligence" : 0,
            "mp" : 0,
            "strength" : 0
         }, // Level 80
         {
            "dexteritry" : 0,
            "exp" : 530000000,
            "hp" : 0,
            "intelligence" : 0,
            "mp" : 0,
            "strength" : 0
         }, // Level 81
         {
            "dexteritry" : 0,
            "exp" : 600000000,
            "hp" : 0,
            "intelligence" : 0,
            "mp" : 0,
            "strength" : 0
         }, // Level 82
         {
            "dexteritry" : 0,
            "exp" : 650000000,
            "hp" : 0,
            "intelligence" : 0,
            "mp" : 0,
            "strength" : 0
         }, // Level 83
         {
            "dexteritry" : 0,
            "exp" : 700000000,
            "hp" : 0,
            "intelligence" : 0,
            "mp" : 0,
            "strength" : 0
         }, // Level 84
         {
            "dexteritry" : 0,
            "exp" : 800000000,
            "hp" : 0,
            "intelligence" : 0,
            "mp" : 0,
            "strength" : 0
         }, // Level 85
         {
            "dexteritry" : 0,
            "exp" : 900000000,
            "hp" : 0,
            "intelligence" : 0,
            "mp" : 0,
            "strength" : 0
         }, // Level 86
         {
            "dexteritry" : 0,
            "exp" : 1000000000,
            "hp" : 0,
            "intelligence" : 0,
            "mp" : 0,
            "strength" : 0
         }, // Level 87
         {
            "dexteritry" : 0,
            "exp" : 1100000000,
            "hp" : 0,
            "intelligence" : 0,
            "mp" : 0,
            "strength" : 0
         }, // Level 88
         {
            "dexteritry" : 0,
            "exp" : 1200000000,
            "hp" : 0,
            "intelligence" : 0,
            "mp" : 0,
            "strength" : 0
         }, // Level 89
         {
            "dexteritry" : 0,
            "exp" : 1340000000,
            "hp" : 0,
            "intelligence" : 0,
            "mp" : 0,
            "strength" : 0
         }, // Level 90
         {
            "dexteritry" : 0,
            "exp" : 1400000000,
            "hp" : 0,
            "intelligence" : 0,
            "mp" : 0,
            "strength" : 0
         }, // Level 91
         {
            "dexteritry" : 0,
            "exp" : 1570000000,
            "hp" : 0,
            "intelligence" : 0,
            "mp" : 0,
            "strength" : 0
         }, // Level 92
         {
            "dexteritry" : 0,
            "exp" : 1670000000,
            "hp" : 0,
            "intelligence" : 0,
            "mp" : 0,
            "strength" : 0
         }, // Level 93
         {
            "dexteritry" : 0,
            "exp" : 1780000000,
            "hp" : 0,
            "intelligence" : 0,
            "mp" : 0,
            "strength" : 0
         }, // Level 94
         {
            "dexteritry" : 0,
            "exp" : 1900000000,
            "hp" : 0,
            "intelligence" : 0,
            "mp" : 0,
            "strength" : 0
         }, // Level 95
         {
            "dexteritry" : 0,
            "exp" : 2000000000,
            "hp" : 0,
            "intelligence" : 0,
            "mp" : 0,
            "strength" : 0
         }, // Level 96
         {
            "dexteritry" : 0,
            "exp" : 2100000000,
            "hp" : 0,
            "intelligence" : 0,
            "mp" : 0,
            "strength" : 0
         }, // Level 97
         {
            "dexteritry" : 0,
            "exp" : 2300000000,
            "hp" : 0,
            "intelligence" : 0,
            "mp" : 0,
            "strength" : 0
         }, // Level 98
         {
            "dexteritry" : 0,
            "exp" : 2600000000,
            "hp" : 0,
            "intelligence" : 0,
            "mp" : 0,
            "strength" : 0
         } // Level 99
      ],
      "promotions" : [ "전사", "검객", "검제", "검황", "검성" ]
   }, // class id 1
   {
      "levels" : [
         {
            "dexteritry" : 0,
            "exp" : 1200,
            "hp" : 0,
            "intelligence" : 0,
            "mp" : 0,
            "strength" : 0
         }, // Level 5
         {
            "dexteritry" : 0,
            "exp" : 2100,
            "hp" : 0,
            "intelligence" : 0,
            "mp" : 0,
            "strength" : 0
         }, // Level 6
         {
            "dexteritry" : 0,
            "exp" : 2880,
            "hp" : 0,
            "intelligence" : 0,
            "mp" : 0,
            "strength" : 0
         }, // Level 7
         {
            "dexteritry" : 0,
            "exp" : 3840,
            "hp" : 0,
            "intelligence" : 0,
            "mp" : 0,
            "strength" : 0
         }, // Level 8
         {
            "dexteritry" : 0,
            "exp" : 4800,
            "hp" : 0,
            "intelligence" : 0,
            "mp" : 0,
            "strength" : 0
         }, // Level 9
         {
            "dexteritry" : 0,
            "exp" : 6720,
            "hp" : 0,
            "intelligence" : 0,
            "mp" : 0,
            "strength" : 0
         }, // Level 10
         {
            "dexteritry" : 0,
            "exp" : 8640,
            "hp" : 0,
            "intelligence" : 0,
            "mp" : 0,
            "strength" : 0
         }, // Level 11
         {
            "dexteritry" : 0,
            "exp" : 10560,
            "hp" : 0,
            "intelligence" : 0,
            "mp" : 0,
            "strength" : 0
         }, // Level 12
         {
            "dexteritry" : 0,
            "exp" : 14400,
            "hp" : 0,
            "intelligence" : 0,
            "mp" : 0,
            "strength" : 0
         }, // Level 13
         {
            "dexteritry" : 0,
            "exp" : 18240,
            "hp" : 0,
            "intelligence" : 0,
            "mp" : 0,
            "strength" : 0
         }, // Level 14
         {
            "dexteritry" : 0,
            "exp" : 22080,
            "hp" : 0,
            "intelligence" : 0,
            "mp" : 0,
            "strength" : 0
         }, // Level 15
         {
            "dexteritry" : 0,
            "exp" : 29760,
            "hp" : 0,
            "intelligence" : 0,
            "mp" : 0,
            "strength" : 0
         }, // Level 16
         {
            "dexteritry" : 0,
            "exp" : 37440,
            "hp" : 0,
            "intelligence" : 0,
            "mp" : 0,
            "strength" : 0
         }, // Level 17
         {
            "dexteritry" : 0,
            "exp" : 45120,
            "hp" : 0,
            "intelligence" : 0,
            "mp" : 0,
            "strength" : 0
         }, // Level 18
         {
            "dexteritry" : 0,
            "exp" : 60480,
            "hp" : 0,
            "intelligence" : 0,
            "mp" : 0,
            "strength" : 0
         }, // Level 19
         {
            "dexteritry" : 0,
            "exp" : 75840,
            "hp" : 0,
            "intelligence" : 0,
            "mp" : 0,
            "strength" : 0
         }, // Level 20
         {
            "dexteritry" : 0,
            "exp" : 91200,
            "hp" : 0,
            "intelligence" : 0,
            "mp" : 0,
            "strength" : 0
         }, // Level 21
         {
            "dexteritry" : 0,
            "exp" : 121920,
            "hp" : 0,
            "intelligence" : 0,
            "mp" : 0,
            "strength" : 0
         }, // Level 22
         {
            "dexteritry" : 0,
            "exp" : 152640,
            "hp" : 0,
            "intelligence" : 0,
            "mp" : 0,
            "strength" : 0
         }, // Level 23
         {
            "dexteritry" : 0,
            "exp" : 183360,
            "hp" : 0,
            "intelligence" : 0,
            "mp" : 0,
            "strength" : 0
         }, // Level 24
         {
            "dexteritry" : 0,
            "exp" : 244800,
            "hp" : 0,
            "intelligence" : 0,
            "mp" : 0,
            "strength" : 0
         }, // Level 25
         {
            "dexteritry" : 0,
            "exp" : 306240,
            "hp" : 0,
            "intelligence" : 0,
            "mp" : 0,
            "strength" : 0
         }, // Level 26
         {
            "dexteritry" : 0,
            "exp" : 367680,
            "hp" : 0,
            "intelligence" : 0,
            "mp" : 0,
            "strength" : 0
         }, // Level 27
         {
            "dexteritry" : 0,
            "exp" : 490560,
            "hp" : 0,
            "intelligence" : 0,
            "mp" : 0,
            "strength" : 0
         }, // Level 28
         {
            "dexteritry" : 0,
            "exp" : 613440,
            "hp" : 0,
            "intelligence" : 0,
            "mp" : 0,
            "strength" : 0
         }, // Level 29
         {
            "dexteritry" : 0,
            "exp" : 736320,
            "hp" : 0,
            "intelligence" : 0,
            "mp" : 0,
            "strength" : 0
         }, // Level 30
         {
            "dexteritry" : 0,
            "exp" : 916320,
            "hp" : 0,
            "intelligence" : 0,
            "mp" : 0,
            "strength" : 0
         }, // Level 31
         {
            "dexteritry" : 0,
            "exp" : 1090000,
            "hp" : 0,
            "intelligence" : 0,
            "mp" : 0,
            "strength" : 0
         }, // Level 32
         {
            "dexteritry" : 0,
            "exp" : 1270000,
            "hp" : 0,
            "intelligence" : 0,
            "mp" : 0,
            "strength" : 0
         }, // Level 33
         {
            "dexteritry" : 0,
            "exp" : 1520000,
            "hp" : 0,
            "intelligence" : 0,
            "mp" : 0,
            "strength" : 0
         }, // Level 34
         {
            "dexteritry" : 0,
            "exp" : 1760000,
            "hp" : 0,
            "intelligence" : 0,
            "mp" : 0,
            "strength" : 0
         }, // Level 35
         {
            "dexteritry" : 0,
            "exp" : 2010000,
            "hp" : 0,
            "intelligence" : 0,
            "mp" : 0,
            "strength" : 0
         }, // Level 36
         {
            "dexteritry" : 0,
            "exp" : 2370000,
            "hp" : 0,
            "intelligence" : 0,
            "mp" : 0,
            "strength" : 0
         }, // Level 37
         {
            "dexteritry" : 0,
            "exp" : 2730000,
            "hp" : 0,
            "intelligence" : 0,
            "mp" : 0,
            "strength" : 0
         }, // Level 38
         {
            "dexteritry" : 0,
            "exp" : 3090000,
            "hp" : 0,
            "intelligence" : 0,
            "mp" : 0,
            "strength" : 0
         }, // Level 39
         {
            "dexteritry" : 0,
            "exp" : 3480000,
            "hp" : 0,
            "intelligence" : 0,
            "mp" : 0,
            "strength" : 0
         }, // Level 40
         {
            "dexteritry" : 0,
            "exp" : 3880000,
            "hp" : 0,
            "intelligence" : 0,
            "mp" : 0,
            "strength" : 0
         }, // Level 41
         {
            "dexteritry" : 0,
            "exp" : 4270000,
            "hp" : 0,
            "intelligence" : 0,
            "mp" : 0,
            "strength" : 0
         }, // Level 42
         {
            "dexteritry" : 0,
            "exp" : 4840000,
            "hp" : 0,
            "intelligence" : 0,
            "mp" : 0,
            "strength" : 0
         }, // Level 43
         {
            "dexteritry" : 0,
            "exp" : 5420000,
            "hp" : 0,
            "intelligence" : 0,
            "mp" : 0,
            "strength" : 0
         }, // Level 44
         {
            "dexteritry" : 0,
            "exp" : 6000000,
            "hp" : 0,
            "intelligence" : 0,
            "mp" : 0,
            "strength" : 0
         }, // Level 45
         {
            "dexteritry" : 0,
            "exp" : 6780000,
            "hp" : 0,
            "intelligence" : 0,
            "mp" : 0,
            "strength" : 0
         }, // Level 46
         {
            "dexteritry" : 0,
            "exp" : 7570000,
            "hp" : 0,
            "intelligence" : 0,
            "mp" : 0,
            "strength" : 0
         }, // Level 47
         {
            "dexteritry" : 0,
            "exp" : 8360000,
            "hp" : 0,
            "intelligence" : 0,
            "mp" : 0,
            "strength" : 0
         }, // Level 48
         {
            "dexteritry" : 0,
            "exp" : 9510000,
            "hp" : 0,
            "intelligence" : 0,
            "mp" : 0,
            "strength" : 0
         }, // Level 49
         {
            "dexteritry" : 0,
            "exp" : 10660000,
            "hp" : 0,
            "intelligence" : 0,
            "mp" : 0,
            "strength" : 0
         }, // Level 50
         {
            "dexteritry" : 0,
            "exp" : 11810000,
            "hp" : 0,
            "intelligence" : 0,
            "mp" : 0,
            "strength" : 0
         }, // Level 51
         {
            "dexteritry" : 0,
            "exp" : 13120000,
            "hp" : 0,
            "intelligence" : 0,
            "mp" : 0,
            "strength" : 0
         }, // Level 52
         {
            "dexteritry" : 0,
            "exp" : 14430000,
            "hp" : 0,
            "intelligence" : 0,
            "mp" : 0,
            "strength" : 0
         }, // Level 53
         {
            "dexteritry" : 0,
            "exp" : 15740000,
            "hp" : 0,
            "intelligence" : 0,
            "mp" : 0,
            "strength" : 0
         }, // Level 54
         {
            "dexteritry" : 0,
            "exp" : 17660000,
            "hp" : 0,
            "intelligence" : 0,
            "mp" : 0,
            "strength" : 0
         }, // Level 55
         {
            "dexteritry" : 0,
            "exp" : 19580000,
            "hp" : 0,
            "intelligence" : 0,
            "mp" : 0,
            "strength" : 0
         }, // Level 56
         {
            "dexteritry" : 0,
            "exp" : 21500000,
            "hp" : 0,
            "intelligence" : 0,
            "mp" : 0,
            "strength" : 0
         }, // Level 57
         {
            "dexteritry" : 0,
            "exp" : 24700000,
            "hp" : 0,
            "intelligence" : 0,
            "mp" : 0,
            "strength" : 0
         }, // Level 58
         {
            "dexteritry" : 0,
            "exp" : 28900000,
            "hp" : 0,
            "intelligence" : 0,
            "mp" : 0,
            "strength" : 0
         }, // Level 59
         {
            "dexteritry" : 0,
            "exp" : 33100000,
            "hp" : 0,
            "intelligence" : 0,
            "mp" : 0,
            "strength" : 0
         }, // Level 60
         {
            "dexteritry" : 0,
            "exp" : 38220000,
            "hp" : 0,
            "intelligence" : 0,
            "mp" : 0,
            "strength" : 0
         }, // Level 61
         {
            "dexteritry" : 0,
            "exp" : 43340000,
            "hp" : 0,
            "intelligence" : 0,
            "mp" : 0,
            "strength" : 0
         }, // Level 62
         {
            "dexteritry" : 0,
            "exp" : 48460000,
            "hp" : 0,
            "intelligence" : 0,
            "mp" : 0,
            "strength" : 0
         }, // Level 63
         {
            "dexteritry" : 0,
            "exp" : 58120000,
            "hp" : 0,
            "intelligence" : 0,
            "mp" : 0,
            "strength" : 0
         }, // Level 64
         {
            "dexteritry" : 0,
            "exp" : 65780000,
            "hp" : 0,
            "intelligence" : 0,
            "mp" : 0,
            "strength" : 0
         }, // Level 65
         {
            "dexteritry" : 0,
            "exp" : 72420000,
            "hp" : 0,
            "intelligence" : 0,
            "mp" : 0,
            "strength" : 0
         }, // Level 66
         {
            "dexteritry" : 0,
            "exp" : 81080000,
            "hp" : 0,
            "intelligence" : 0,
            "mp" : 0,
            "strength" : 0
         }, // Level 67
         {
            "dexteritry" : 0,
            "exp" : 89740000,
            "hp" : 0,
            "intelligence" : 0,
            "mp" : 0,
            "strength" : 0
         }, // Level 68
         {
            "dexteritry" : 0,
            "exp" : 98390000,
            "hp" : 0,
            "intelligence" : 0,
            "mp" : 0,
            "strength" : 0
         }, // Level 69
         {
            "dexteritry" : 0,
            "exp" : 100000000,
            "hp" : 0,
            "intelligence" : 0,
            "mp" : 0,
            "strength" : 0
         }, // Level 70
         {
            "dexteritry" : 0,
            "exp" : 120000000,
            "hp" : 0,
            "intelligence" : 0,
            "mp" : 0,
            "strength" : 0
         }, // Level 71
         {
            "dexteritry" : 0,
            "exp" : 130000000,
            "hp" : 0,
            "intelligence" : 0,
            "mp" : 0,
            "strength" : 0
         }, // Level 72
         {
            "dexteritry" : 0,
            "exp" : 140000000,
            "hp" : 0,
            "intelligence" : 0,
            "mp" : 0,
            "strength" : 0
         }, // Level 73
         {
            "dexteritry" : 0,
            "exp" : 150000000,
            "hp" : 0,
            "intelligence" : 0,
            "mp" : 0,
            "strength" : 0
         }, // Level 74
         {
            "dexteritry" : 0,
            "exp" : 170000000,
            "hp" : 0,
            "intelligence" : 0,
            "mp" : 0,
            "strength" : 0
         }, // Level 75
         {
            "dexteritry" : 0,
            "exp" : 190000000,
            "hp" : 0,
            "intelligence" : 0,
            "mp" : 0,
            "strength" : 0
         }, // Level 76
         {
            "dexteritry" : 0,
            "exp" : 210000000,
            "hp" : 0,
            "intelligence" : 0,
            "mp" : 0,
            "strength" : 0
         }, // Level 77
         {
            "dexteritry" : 0,
            "exp" : 240000000,
            "hp" : 0,
            "intelligence" : 0,
            "mp" : 0,
            "strength" : 0
         }, // Level 78
         {
            "dexteritry" : 0,
            "exp" : 260000000,
            "hp" : 0,
            "intelligence" : 0,
            "mp" : 0,
            "strength" : 0
         }, // Level 79
         {
            "dexteritry" : 0,
            "exp" : 290000000,
            "hp" : 0,
            "intelligence" : 0,
            "mp" : 0,
            "strength" : 0
         }, // Level 80
         {
            "dexteritry" : 0,
            "exp" : 320000000,
            "hp" : 0,
            "intelligence" : 0,
            "mp" : 0,
            "strength" : 0
         }, // Level 81
         {
            "dexteritry" : 0,
            "exp" : 360000000,
            "hp" : 0,
            "intelligence" : 0,
            "mp" : 0,
            "strength" : 0
         }, // Level 82
         {
            "dexteritry" : 0,
            "exp" : 400000000,
            "hp" : 0,
            "intelligence" : 0,
            "mp" : 0,
            "strength" : 0
         }, // Level 83
         {
            "dexteritry" : 0,
            "exp" : 440000000,
            "hp" : 0,
            "intelligence" : 0,
            "mp" : 0,
            "strength" : 0
         }, // Level 84
         {
            "dexteritry" : 0,
            "exp" : 480000000,
            "hp" : 0,
            "intelligence" : 0,
            "mp" : 0,
            "strength" : 0
         }, // Level 85
         {
            "dexteritry" : 0,
            "exp" : 530000000,
            "hp" : 0,
            "intelligence" : 0,
            "mp" : 0,
            "strength" : 0
         }, // Level 86
         {
            "dexteritry" : 0,
            "exp" : 580000000,
            "hp" : 0,
            "intelligence" : 0,
            "mp" : 0,
            "strength" : 0
         }, // Level 87
         {
            "dexteritry" : 0,
            "exp" : 640000000,
            "hp" : 0,
            "intelligence" : 0,
            "mp" : 0,
            "strength" : 0
         }, // Level 88
         {
            "dexteritry" : 0,
            "exp" : 700000000,
            "hp" : 0,
            "intelligence" : 0,
            "mp" : 0,
            "strength" : 0
         }, // Level 89
         {
            "dexteritry" : 0,
            "exp" : 770000000,
            "hp" : 0,
            "intelligence" : 0,
            "mp" : 0,
            "strength" : 0
         }, // Level 90
         {
            "dexteritry" : 0,
            "exp" : 850000000,
            "hp" : 0,
            "intelligence" : 0,
            "mp" : 0,
            "strength" : 0
         }, // Level 91
         {
            "dexteritry" : 0,
            "exp" : 940000000,
            "hp" : 0,
            "intelligence" : 0,
            "mp" : 0,
            "strength" : 0
         }, // Level 92
         {
            "dexteritry" : 0,
            "exp" : 1040000000,
            "hp" : 0,
            "intelligence" : 0,
            "mp" : 0,
            "strength" : 0
         }, // Level 93
         {
            "dexteritry" : 0,
            "exp" : 1150000000,
            "hp" : 0,
            "intelligence" : 0,
            "mp" : 0,
            "strength" : 0
         }, // Level 94
         {
            "dexteritry" : 0,
            "exp" : 1270000000,
            "hp" : 0,
            "intelligence" : 0,
            "mp" : 0,
            "strength" : 0
         }, // Level 95
         {
            "dexteritry" : 0,
            "exp" : 1400000000,
            "hp" : 0,
            "intelligence" : 0,
            "mp" : 0,
            "strength" : 0
         }, // Level 96
         {
            "dexteritry" : 0,
            "exp" : 1550000000,
            "hp" : 0,
            "intelligence" : 0,
            "mp" : 0,
            "strength" : 0
         }, // Level 97
         {
            "dexteritry" : 0,
            "exp" : 1700000000,
            "hp" : 0,
            "intelligence" : 0,
            "mp" : 0,
            "strength" : 0
         }, // Level 98
         {
            "dexteritry" : 0,
            "exp" : 2000000000,
            "hp" : 0,
            "intelligence" : 0,
            "mp" : 0,
            "strength" : 0
         } // Level 99
      ],
      "promotions" : [ "도적", "자객", "진검", "귀객", "태성" ]
   }, // class id 2
   {
      "levels" : [
         {
            "dexteritry" : 0,
            "exp" : 1200,
            "hp" : 0,
            "intelligence" : 0,
            "mp" : 0,
            "strength" : 0
         }, // Level 5
         {
            "dexteritry" : 0,
            "exp" : 2160,
            "hp" : 0,
            "intelligence" : 0,
            "mp" : 0,
            "strength" : 0
         }, // Level 6
         {
            "dexteritry" : 0,
            "exp" : 3240,
            "hp" : 0,
            "intelligence" : 0,
            "mp" : 0,
            "strength" : 0
         }, // Level 7
         {
            "dexteritry" : 0,
            "exp" : 4320,
            "hp" : 0,
            "intelligence" : 0,
            "mp" : 0,
            "strength" : 0
         }, // Level 8
         {
            "dexteritry" : 0,
            "exp" : 5400,
            "hp" : 0,
            "intelligence" : 0,
            "mp" : 0,
            "strength" : 0
         }, // Level 9
         {
            "dexteritry" : 0,
            "exp" : 7560,
            "hp" : 0,
            "intelligence" : 0,
            "mp" : 0,
            "strength" : 0
         }, // Level 10
         {
            "dexteritry" : 0,
            "exp" : 9720,
            "hp" : 0,
            "intelligence" : 0,
            "mp" : 0,
            "strength" : 0
         }, // Level 11
         {
            "dexteritry" : 0,
            "exp" : 11800,
            "hp" : 0,
            "intelligence" : 0,
            "mp" : 0,
            "strength" : 0
         }, // Level 12
         {
            "dexteritry" : 0,
            "exp" : 16200,
            "hp" : 0,
            "intelligence" : 0,
            "mp" : 0,
            "strength" : 0
         }, // Level 13
         {
            "dexteritry" : 0,
            "exp" : 20520,
            "hp" : 0,
            "intelligence" : 0,
            "mp" : 0,
            "strength" : 0
         }, // Level 14
         {
            "dexteritry" : 0,
            "exp" : 24840,
            "hp" : 0,
            "intelligence" : 0,
            "mp" : 0,
            "strength" : 0
         }, // Level 15
         {
            "dexteritry" : 0,
            "exp" : 33480,
            "hp" : 0,
            "intelligence" : 0,
            "mp" : 0,
            "strength" : 0
         }, // Level 16
         {
            "dexteritry" : 0,
            "exp" : 42120,
            "hp" : 0,
            "intelligence" : 0,
            "mp" : 0,
            "strength" : 0
         }, // Level 17
         {
            "dexteritry" : 0,
            "exp" : 50760,
            "hp" : 0,
            "intelligence" : 0,
            "mp" : 0,
            "strength" : 0
         }, // Level 18
         {
            "dexteritry" : 0,
            "exp" : 68040,
            "hp" : 0,
            "intelligence" : 0,
            "mp" : 0,
            "strength" : 0
         }, // Level 19
         {
            "dexteritry" : 0,
            "exp" : 85320,
            "hp" : 0,
            "intelligence" : 0,
            "mp" : 0,
            "strength" : 0
         }, // Level 20
         {
            "dexteritry" : 0,
            "exp" : 102600,
            "hp" : 0,
            "intelligence" : 0,
            "mp" : 0,
            "strength" : 0
         }, // Level 21
         {
            "dexteritry" : 0,
            "exp" : 137160,
            "hp" : 0,
            "intelligence" : 0,
            "mp" : 0,
            "strength" : 0
         }, // Level 22
         {
            "dexteritry" : 0,
            "exp" : 171720,
            "hp" : 0,
            "intelligence" : 0,
            "mp" : 0,
            "strength" : 0
         }, // Level 23
         {
            "dexteritry" : 0,
            "exp" : 206280,
            "hp" : 0,
            "intelligence" : 0,
            "mp" : 0,
            "strength" : 0
         }, // Level 24
         {
            "dexteritry" : 0,
            "exp" : 275400,
            "hp" : 0,
            "intelligence" : 0,
            "mp" : 0,
            "strength" : 0
         }, // Level 25
         {
            "dexteritry" : 0,
            "exp" : 344520,
            "hp" : 0,
            "intelligence" : 0,
            "mp" : 0,
            "strength" : 0
         }, // Level 26
         {
            "dexteritry" : 0,
            "exp" : 413640,
            "hp" : 0,
            "intelligence" : 0,
            "mp" : 0,
            "strength" : 0
         }, // Level 27
         {
            "dexteritry" : 0,
            "exp" : 551880,
            "hp" : 0,
            "intelligence" : 0,
            "mp" : 0,
            "strength" : 0
         }, // Level 28
         {
            "dexteritry" : 0,
            "exp" : 690120,
            "hp" : 0,
            "intelligence" : 0,
            "mp" : 0,
            "strength" : 0
         }, // Level 29
         {
            "dexteritry" : 0,
            "exp" : 828360,
            "hp" : 0,
            "intelligence" : 0,
            "mp" : 0,
            "strength" : 0
         }, // Level 30
         {
            "dexteritry" : 0,
            "exp" : 1030000,
            "hp" : 0,
            "intelligence" : 0,
            "mp" : 0,
            "strength" : 0
         }, // Level 31
         {
            "dexteritry" : 0,
            "exp" : 1230000,
            "hp" : 0,
            "intelligence" : 0,
            "mp" : 0,
            "strength" : 0
         }, // Level 32
         {
            "dexteritry" : 0,
            "exp" : 1430000,
            "hp" : 0,
            "intelligence" : 0,
            "mp" : 0,
            "strength" : 0
         }, // Level 33
         {
            "dexteritry" : 0,
            "exp" : 1710000,
            "hp" : 0,
            "intelligence" : 0,
            "mp" : 0,
            "strength" : 0
         }, // Level 34
         {
            "dexteritry" : 0,
            "exp" : 1980000,
            "hp" : 0,
            "intelligence" : 0,
            "mp" : 0,
            "strength" : 0
         }, // Level 35
         {
            "dexteritry" : 0,
            "exp" : 2260000,
            "hp" : 0,
            "intelligence" : 0,
            "mp" : 0,
            "strength" : 0
         }, // Level 36
         {
            "dexteritry" : 0,
            "exp" : 2670000,
            "hp" : 0,
            "intelligence" : 0,
            "mp" : 0,
            "strength" : 0
         }, // Level 37
         {
            "dexteritry" : 0,
            "exp" : 3070000,
            "hp" : 0,
            "intelligence" : 0,
            "mp" : 0,
            "strength" : 0
         }, // Level 38
         {
            "dexteritry" : 0,
            "exp" : 3480000,
            "hp" : 0,
            "intelligence" : 0,
            "mp" : 0,
            "strength" : 0
         }, // Level 39
         {
            "dexteritry" : 0,
            "exp" : 3920000,
            "hp" : 0,
            "intelligence" : 0,
            "mp" : 0,
            "strength" : 0
         }, // Level 40
         {
            "dexteritry" : 0,
            "exp" : 4360000,
            "hp" : 0,
            "intelligence" : 0,
            "mp" : 0,
            "strength" : 0
         }, // Level 41
         {
            "dexteritry" : 0,
            "exp" : 4900000,
            "hp" : 0,
            "intelligence" : 0,
            "mp" : 0,
            "strength" : 0
         }, // Level 42
         {
            "dexteritry" : 0,
            "exp" : 5450000,
            "hp" : 0,
            "intelligence" : 0,
            "mp" : 0,
            "strength" : 0
         }, // Level 43
         {
            "dexteritry" : 0,
            "exp" : 6100000,
            "hp" : 0,
            "intelligence" : 0,
            "mp" : 0,
            "strength" : 0
         }, // Level 44
         {
            "dexteritry" : 0,
            "exp" : 6750000,
            "hp" : 0,
            "intelligence" : 0,
            "mp" : 0,
            "strength" : 0
         }, // Level 45
         {
            "dexteritry" : 0,
            "exp" : 7630000,
            "hp" : 0,
            "intelligence" : 0,
            "mp" : 0,
            "strength" : 0
         }, // Level 46
         {
            "dexteritry" : 0,
            "exp" : 8520000,
            "hp" : 0,
            "intelligence" : 0,
            "mp" : 0,
            "strength" : 0
         }, // Level 47
         {
            "dexteritry" : 0,
            "exp" : 9400000,
            "hp" : 0,
            "intelligence" : 0,
            "mp" : 0,
            "strength" : 0
         }, // Level 48
         {
            "dexteritry" : 0,
            "exp" : 10700000,
            "hp" : 0,
            "intelligence" : 0,
            "mp" : 0,
            "strength" : 0
         }, // Level 49
         {
            "dexteritry" : 0,
            "exp" : 11990000,
            "hp" : 0,
            "intelligence" : 0,
            "mp" : 0,
            "strength" : 0
         }, // Level 50
         {
            "dexteritry" : 0,
            "exp" : 13290000,
            "hp" : 0,
            "intelligence" : 0,
            "mp" : 0,
            "strength" : 0
         }, // Level 51
         {
            "dexteritry" : 0,
            "exp" : 14760000,
            "hp" : 0,
            "intelligence" : 0,
            "mp" : 0,
            "strength" : 0
         }, // Level 52
         {
            "dexteritry" : 0,
            "exp" : 16240000,
            "hp" : 0,
            "intelligence" : 0,
            "mp" : 0,
            "strength" : 0
         }, // Level 53
         {
            "dexteritry" : 0,
            "exp" : 17710000,
            "hp" : 0,
            "intelligence" : 0,
            "mp" : 0,
            "strength" : 0
         }, // Level 54
         {
            "dexteritry" : 0,
            "exp" : 19870000,
            "hp" : 0,
            "intelligence" : 0,
            "mp" : 0,
            "strength" : 0
         }, // Level 55
         {
            "dexteritry" : 0,
            "exp" : 22030000,
            "hp" : 0,
            "intelligence" : 0,
            "mp" : 0,
            "strength" : 0
         }, // Level 56
         {
            "dexteritry" : 0,
            "exp" : 24190000,
            "hp" : 0,
            "intelligence" : 0,
            "mp" : 0,
            "strength" : 0
         }, // Level 57
         {
            "dexteritry" : 0,
            "exp" : 27040000,
            "hp" : 0,
            "intelligence" : 0,
            "mp" : 0,
            "strength" : 0
         }, // Level 58
         {
            "dexteritry" : 0,
            "exp" : 31890000,
            "hp" : 0,
            "intelligence" : 0,
            "mp" : 0,
            "strength" : 0
         }, // Level 59
         {
            "dexteritry" : 0,
            "exp" : 36740000,
            "hp" : 0,
            "intelligence" : 0,
            "mp" : 0,
            "strength" : 0
         }, // Level 60
         {
            "dexteritry" : 0,
            "exp" : 42500000,
            "hp" : 0,
            "intelligence" : 0,
            "mp" : 0,
            "strength" : 0
         }, // Level 61
         {
            "dexteritry" : 0,
            "exp" : 49260000,
            "hp" : 0,
            "intelligence" : 0,
            "mp" : 0,
            "strength" : 0
         }, // Level 62
         {
            "dexteritry" : 0,
            "exp" : 57020000,
            "hp" : 0,
            "intelligence" : 0,
            "mp" : 0,
            "strength" : 0
         }, // Level 63
         {
            "dexteritry" : 0,
            "exp" : 65510000,
            "hp" : 0,
            "intelligence" : 0,
            "mp" : 0,
            "strength" : 0
         }, // Level 64
         {
            "dexteritry" : 0,
            "exp" : 73000000,
            "hp" : 0,
            "intelligence" : 0,
            "mp" : 0,
            "strength" : 0
         }, // Level 65
         {
            "dexteritry" : 0,
            "exp" : 81490000,
            "hp" : 0,
            "intelligence" : 0,
            "mp" : 0,
            "strength" : 0
         }, // Level 66
         {
            "dexteritry" : 0,
            "exp" : 91200000,
            "hp" : 0,
            "intelligence" : 0,
            "mp" : 0,
            "strength" : 0
         }, // Level 67
         {
            "dexteritry" : 0,
            "exp" : 110000000,
            "hp" : 0,
            "intelligence" : 0,
            "mp" : 0,
            "strength" : 0
         }, // Level 68
         {
            "dexteritry" : 0,
            "exp" : 130000000,
            "hp" : 0,
            "intelligence" : 0,
            "mp" : 0,
            "strength" : 0
         }, // Level 69
         {
            "dexteritry" : 0,
            "exp" : 130000000,
            "hp" : 0,
            "intelligence" : 0,
            "mp" : 0,
            "strength" : 0
         }, // Level 70
         {
            "dexteritry" : 0,
            "exp" : 150000000,
            "hp" : 0,
            "intelligence" : 0,
            "mp" : 0,
            "strength" : 0
         }, // Level 71
         {
            "dexteritry" : 0,
            "exp" : 180000000,
            "hp" : 0,
            "intelligence" : 0,
            "mp" : 0,
            "strength" : 0
         }, // Level 72
         {
            "dexteritry" : 0,
            "exp" : 210000000,
            "hp" : 0,
            "intelligence" : 0,
            "mp" : 0,
            "strength" : 0
         }, // Level 73
         {
            "dexteritry" : 0,
            "exp" : 240000000,
            "hp" : 0,
            "intelligence" : 0,
            "mp" : 0,
            "strength" : 0
         }, // Level 74
         {
            "dexteritry" : 0,
            "exp" : 280000000,
            "hp" : 0,
            "intelligence" : 0,
            "mp" : 0,
            "strength" : 0
         }, // Level 75
         {
            "dexteritry" : 0,
            "exp" : 330000000,
            "hp" : 0,
            "intelligence" : 0,
            "mp" : 0,
            "strength" : 0
         }, // Level 76
         {
            "dexteritry" : 0,
            "exp" : 380000000,
            "hp" : 0,
            "intelligence" : 0,
            "mp" : 0,
            "strength" : 0
         }, // Level 77
         {
            "dexteritry" : 0,
            "exp" : 440000000,
            "hp" : 0,
            "intelligence" : 0,
            "mp" : 0,
            "strength" : 0
         }, // Level 78
         {
            "dexteritry" : 0,
            "exp" : 505000000,
            "hp" : 0,
            "intelligence" : 0,
            "mp" : 0,
            "strength" : 0
         }, // Level 79
         {
            "dexteritry" : 0,
            "exp" : 570000000,
            "hp" : 0,
            "intelligence" : 0,
            "mp" : 0,
            "strength" : 0
         }, // Level 80
         {
            "dexteritry" : 0,
            "exp" : 650000000,
            "hp" : 0,
            "intelligence" : 0,
            "mp" : 0,
            "strength" : 0
         }, // Level 81
         {
            "dexteritry" : 0,
            "exp" : 730000000,
            "hp" : 0,
            "intelligence" : 0,
            "mp" : 0,
            "strength" : 0
         }, // Level 82
         {
            "dexteritry" : 0,
            "exp" : 820000000,
            "hp" : 0,
            "intelligence" : 0,
            "mp" : 0,
            "strength" : 0
         }, // Level 83
         {
            "dexteritry" : 0,
            "exp" : 910000000,
            "hp" : 0,
            "intelligence" : 0,
            "mp" : 0,
            "strength" : 0
         }, // Level 84
         {
            "dexteritry" : 0,
            "exp" : 1010000000,
            "hp" : 0,
            "intelligence" : 0,
            "mp" : 0,
            "strength" : 0
         }, // Level 85
         {
            "dexteritry" : 0,
            "exp" : 1120000000,
            "hp" : 0,
            "intelligence" : 0,
            "mp" : 0,
            "strength" : 0
         }, // Level 86
         {
            "dexteritry" : 0,
            "exp" : 1230000000,
            "hp" : 0,
            "intelligence" : 0,
            "mp" : 0,
            "strength" : 0
         }, // Level 87
         {
            "dexteritry" : 0,
            "exp" : 1340000000,
            "hp" : 0,
            "intelligence" : 0,
            "mp" : 0,
            "strength" : 0
         }, // Level 88
         {
            "dexteritry" : 0,
            "exp" : 1460000000,
            "hp" : 0,
            "intelligence" : 0,
            "mp" : 0,
            "strength" : 0
         }, // Level 89
         {
            "dexteritry" : 0,
            "exp" : 1580000000,
            "hp" : 0,
            "intelligence" : 0,
            "mp" : 0,
            "strength" : 0
         }, // Level 90
         {
            "dexteritry" : 0,
            "exp" : 1610000000,
            "hp" : 0,
            "intelligence" : 0,
            "mp" : 0,
            "strength" : 0
         }, // Level 91
         {
            "dexteritry" : 0,
            "exp" : 1740000000,
            "hp" : 0,
            "intelligence" : 0,
            "mp" : 0,
            "strength" : 0
         }, // Level 92
         {
            "dexteritry" : 0,
            "exp" : 1890000000,
            "hp" : 0,
            "intelligence" : 0,
            "mp" : 0,
            "strength" : 0
         }, // Level 93
         {
            "dexteritry" : 0,
            "exp" : 2050000000,
            "hp" : 0,
            "intelligence" : 0,
            "mp" : 0,
            "strength" : 0
         }, // Level 94
         {
            "dexteritry" : 0,
            "exp" : 2210000000,
            "hp" : 0,
            "intelligence" : 0,
            "mp" : 0,
            "strength" : 0
         }, // Level 95
         {
            "dexteritry" : 0,
            "exp" : 2380000000,
            "hp" : 0,
            "intelligence" : 0,
            "mp" : 0,
            "strength" : 0
         }, // Level 96
         {
            "dexteritry" : 0,
            "exp" : 2570000000,
            "hp" : 0,
            "intelligence" : 0,
            "mp" : 0,
            "strength" : 0
         }, // Level 97
         {
            "dexteritry" : 0,
            "exp" : 2770000000,
            "hp" : 0,
            "intelligence" : 0,
            "mp" : 0,
            "strength" : 0
         }, // Level 98
         {
            "dexteritry" : 0,
            "exp" : 2970000000,
            "hp" : 0,
            "intelligence" : 0,
            "mp" : 0,
            "strength" : 0
         } // Level 99
      ],
      "promotions" : [ "주술사", "술사", "현사", "현인", "현자" ]
   }, // class id 3
   {
      "levels" : [
         {
            "dexteritry" : 0,
            "exp" : 1200,
            "hp" : 0,
            "intelligence" : 0,
            "mp" : 0,
            "strength" : 0
         }, // Level 5
         {
            "dexteritry" : 0,
            "exp" : 2240,
            "hp" : 0,
            "intelligence" : 0,
            "mp" : 0,
            "strength" : 0
         }, // Level 6
         {
            "dexteritry" : 0,
            "exp" : 3280,
            "hp" : 0,
            "intelligence" : 0,
            "mp" : 0,
            "strength" : 0
         }, // Level 7
         {
            "dexteritry" : 0,
            "exp" : 4300,
            "hp" : 0,
            "intelligence" : 0,
            "mp" : 0,
            "strength" : 0
         }, // Level 8
         {
            "dexteritry" : 0,
            "exp" : 6100,
            "hp" : 0,
            "intelligence" : 0,
            "mp" : 0,
            "strength" : 0
         }, // Level 9
         {
            "dexteritry" : 0,
            "exp" : 7900,
            "hp" : 0,
            "intelligence" : 0,
            "mp" : 0,
            "strength" : 0
         }, // Level 10
         {
            "dexteritry" : 0,
            "exp" : 9720,
            "hp" : 0,
            "intelligence" : 0,
            "mp" : 0,
            "strength" : 0
         }, // Level 11
         {
            "dexteritry" : 0,
            "exp" : 11880,
            "hp" : 0,
            "intelligence" : 0,
            "mp" : 0,
            "strength" : 0
         }, // Level 12
         {
            "dexteritry" : 0,
            "exp" : 16200,
            "hp" : 0,
            "intelligence" : 0,
            "mp" : 0,
            "strength" : 0
         }, // Level 13
         {
            "dexteritry" : 0,
            "exp" : 20520,
            "hp" : 0,
            "intelligence" : 0,
            "mp" : 0,
            "strength" : 0
         }, // Level 14
         {
            "dexteritry" : 0,
            "exp" : 24840,
            "hp" : 0,
            "intelligence" : 0,
            "mp" : 0,
            "strength" : 0
         }, // Level 15
         {
            "dexteritry" : 0,
            "exp" : 33480,
            "hp" : 0,
            "intelligence" : 0,
            "mp" : 0,
            "strength" : 0
         }, // Level 16
         {
            "dexteritry" : 0,
            "exp" : 42120,
            "hp" : 0,
            "intelligence" : 0,
            "mp" : 0,
            "strength" : 0
         }, // Level 17
         {
            "dexteritry" : 0,
            "exp" : 50760,
            "hp" : 0,
            "intelligence" : 0,
            "mp" : 0,
            "strength" : 0
         }, // Level 18
         {
            "dexteritry" : 0,
            "exp" : 68040,
            "hp" : 0,
            "intelligence" : 0,
            "mp" : 0,
            "strength" : 0
         }, // Level 19
         {
            "dexteritry" : 0,
            "exp" : 85320,
            "hp" : 0,
            "intelligence" : 0,
            "mp" : 0,
            "strength" : 0
         }, // Level 20
         {
            "dexteritry" : 0,
            "exp" : 102000,
            "hp" : 0,
            "intelligence" : 0,
            "mp" : 0,
            "strength" : 0
         }, // Level 21
         {
            "dexteritry" : 0,
            "exp" : 137000,
            "hp" : 0,
            "intelligence" : 0,
            "mp" : 0,
            "strength" : 0
         }, // Level 22
         {
            "dexteritry" : 0,
            "exp" : 172000,
            "hp" : 0,
            "intelligence" : 0,
            "mp" : 0,
            "strength" : 0
         }, // Level 23
         {
            "dexteritry" : 0,
            "exp" : 206000,
            "hp" : 0,
            "intelligence" : 0,
            "mp" : 0,
            "strength" : 0
         }, // Level 24
         {
            "dexteritry" : 0,
            "exp" : 275000,
            "hp" : 0,
            "intelligence" : 0,
            "mp" : 0,
            "strength" : 0
         }, // Level 25
         {
            "dexteritry" : 0,
            "exp" : 344000,
            "hp" : 0,
            "intelligence" : 0,
            "mp" : 0,
            "strength" : 0
         }, // Level 26
         {
            "dexteritry" : 0,
            "exp" : 413000,
            "hp" : 0,
            "intelligence" : 0,
            "mp" : 0,
            "strength" : 0
         }, // Level 27
         {
            "dexteritry" : 0,
            "exp" : 551000,
            "hp" : 0,
            "intelligence" : 0,
            "mp" : 0,
            "strength" : 0
         }, // Level 28
         {
            "dexteritry" : 0,
            "exp" : 690000,
            "hp" : 0,
            "intelligence" : 0,
            "mp" : 0,
            "strength" : 0
         }, // Level 29
         {
            "dexteritry" : 0,
            "exp" : 828000,
            "hp" : 0,
            "intelligence" : 0,
            "mp" : 0,
            "strength" : 0
         }, // Level 30
         {
            "dexteritry" : 0,
            "exp" : 102000,
            "hp" : 0,
            "intelligence" : 0,
            "mp" : 0,
            "strength" : 0
         }, // Level 31
         {
            "dexteritry" : 0,
            "exp" : 119400,
            "hp" : 0,
            "intelligence" : 0,
            "mp" : 0,
            "strength" : 0
         }, // Level 32
         {
            "dexteritry" : 0,
            "exp" : 137600,
            "hp" : 0,
            "intelligence" : 0,
            "mp" : 0,
            "strength" : 0
         }, // Level 33
         {
            "dexteritry" : 0,
            "exp" : 1670000,
            "hp" : 0,
            "intelligence" : 0,
            "mp" : 0,
            "strength" : 0
         }, // Level 34
         {
            "dexteritry" : 0,
            "exp" : 1960000,
            "hp" : 0,
            "intelligence" : 0,
            "mp" : 0,
            "strength" : 0
         }, // Level 35
         {
            "dexteritry" : 0,
            "exp" : 2250000,
            "hp" : 0,
            "intelligence" : 0,
            "mp" : 0,
            "strength" : 0
         }, // Level 36
         {
            "dexteritry" : 0,
            "exp" : 2670000,
            "hp" : 0,
            "intelligence" : 0,
            "mp" : 0,
            "strength" : 0
         }, // Level 37
         {
            "dexteritry" : 0,
            "exp" : 3070000,
            "hp" : 0,
            "intelligence" : 0,
            "mp" : 0,
            "strength" : 0
         }, // Level 38
         {
            "dexteritry" : 0,
            "exp" : 3480000,
            "hp" : 0,
            "intelligence" : 0,
            "mp" : 0,
            "strength" : 0
         }, // Level 39
         {
            "dexteritry" : 0,
            "exp" : 3920000,
            "hp" : 0,
            "intelligence" : 0,
            "mp" : 0,
            "strength" : 0
         }, // Level 40
         {
            "dexteritry" : 0,
            "exp" : 4360000,
            "hp" : 0,
            "intelligence" : 0,
            "mp" : 0,
            "strength" : 0
         }, // Level 41
         {
            "dexteritry" : 0,
            "exp" : 4800000,
            "hp" : 0,
            "intelligence" : 0,
            "mp" : 0,
            "strength" : 0
         }, // Level 42
         {
            "dexteritry" : 0,
            "exp" : 5440000,
            "hp" : 0,
            "intelligence" : 0,
            "mp" : 0,
            "strength" : 0
         }, // Level 43
         {
            "dexteritry" : 0,
            "exp" : 6100000,
            "hp" : 0,
            "intelligence" : 0,
            "mp" : 0,
            "strength" : 0
         }, // Level 44
         {
            "dexteritry" : 0,
            "exp" : 6750000,
            "hp" : 0,
            "intelligence" : 0,
            "mp" : 0,
            "strength" : 0
         }, // Level 45
         {
            "dexteritry" : 0,
            "exp" : 7630000,
            "hp" : 0,
            "intelligence" : 0,
            "mp" : 0,
            "strength" : 0
         }, // Level 46
         {
            "dexteritry" : 0,
            "exp" : 8520000,
            "hp" : 0,
            "intelligence" : 0,
            "mp" : 0,
            "strength" : 0
         }, // Level 47
         {
            "dexteritry" : 0,
            "exp" : 9400000,
            "hp" : 0,
            "intelligence" : 0,
            "mp" : 0,
            "strength" : 0
         }, // Level 48
         {
            "dexteritry" : 0,
            "exp" : 10700000,
            "hp" : 0,
            "intelligence" : 0,
            "mp" : 0,
            "strength" : 0
         }, // Level 49
         {
            "dexteritry" : 0,
            "exp" : 11990000,
            "hp" : 0,
            "intelligence" : 0,
            "mp" : 0,
            "strength" : 0
         }, // Level 50
         {
            "dexteritry" : 0,
            "exp" : 13290000,
            "hp" : 0,
            "intelligence" : 0,
            "mp" : 0,
            "strength" : 0
         }, // Level 51
         {
            "dexteritry" : 0,
            "exp" : 14760000,
            "hp" : 0,
            "intelligence" : 0,
            "mp" : 0,
            "strength" : 0
         }, // Level 52
         {
            "dexteritry" : 0,
            "exp" : 16240000,
            "hp" : 0,
            "intelligence" : 0,
            "mp" : 0,
            "strength" : 0
         }, // Level 53
         {
            "dexteritry" : 0,
            "exp" : 17710000,
            "hp" : 0,
            "intelligence" : 0,
            "mp" : 0,
            "strength" : 0
         }, // Level 54
         {
            "dexteritry" : 0,
            "exp" : 19870000,
            "hp" : 0,
            "intelligence" : 0,
            "mp" : 0,
            "strength" : 0
         }, // Level 55
         {
            "dexteritry" : 0,
            "exp" : 22030000,
            "hp" : 0,
            "intelligence" : 0,
            "mp" : 0,
            "strength" : 0
         }, // Level 56
         {
            "dexteritry" : 0,
            "exp" : 24190000,
            "hp" : 0,
            "intelligence" : 0,
            "mp" : 0,
            "strength" : 0
         }, // Level 57
         {
            "dexteritry" : 0,
            "exp" : 27540000,
            "hp" : 0,
            "intelligence" : 0,
            "mp" : 0,
            "strength" : 0
         }, // Level 58
         {
            "dexteritry" : 0,
            "exp" : 32390000,
            "hp" : 0,
            "intelligence" : 0,
            "mp" : 0,
            "strength" : 0
         }, // Level 59
         {
            "dexteritry" : 0,
            "exp" : 36740000,
            "hp" : 0,
            "intelligence" : 0,
            "mp" : 0,
            "strength" : 0
         }, // Level 60
         {
            "dexteritry" : 0,
            "exp" : 43640000,
            "hp" : 0,
            "intelligence" : 0,
            "mp" : 0,
            "strength" : 0
         }, // Level 61
         {
            "dexteritry" : 0,
            "exp" : 50540000,
            "hp" : 0,
            "intelligence" : 0,
            "mp" : 0,
            "strength" : 0
         }, // Level 62
         {
            "dexteritry" : 0,
            "exp" : 57520000,
            "hp" : 0,
            "intelligence" : 0,
            "mp" : 0,
            "strength" : 0
         }, // Level 63
         {
            "dexteritry" : 0,
            "exp" : 65510000,
            "hp" : 0,
            "intelligence" : 0,
            "mp" : 0,
            "strength" : 0
         }, // Level 64
         {
            "dexteritry" : 0,
            "exp" : 73500000,
            "hp" : 0,
            "intelligence" : 0,
            "mp" : 0,
            "strength" : 0
         }, // Level 65
         {
            "dexteritry" : 0,
            "exp" : 81490000,
            "hp" : 0,
            "intelligence" : 0,
            "mp" : 0,
            "strength" : 0
         }, // Level 66
         {
            "dexteritry" : 0,
            "exp" : 91040000,
            "hp" : 0,
            "intelligence" : 0,
            "mp" : 0,
            "strength" : 0
         }, // Level 67
         {
            "dexteritry" : 0,
            "exp" : 100000000,
            "hp" : 0,
            "intelligence" : 0,
            "mp" : 0,
            "strength" : 0
         }, // Level 68
         {
            "dexteritry" : 0,
            "exp" : 110000000,
            "hp" : 0,
            "intelligence" : 0,
            "mp" : 0,
            "strength" : 0
         }, // Level 69
         {
            "dexteritry" : 0,
            "exp" : 120000000,
            "hp" : 0,
            "intelligence" : 0,
            "mp" : 0,
            "strength" : 0
         }, // Level 70
         {
            "dexteritry" : 0,
            "exp" : 130000000,
            "hp" : 0,
            "intelligence" : 0,
            "mp" : 0,
            "strength" : 0
         }, // Level 71
         {
            "dexteritry" : 0,
            "exp" : 150000000,
            "hp" : 0,
            "intelligence" : 0,
            "mp" : 0,
            "strength" : 0
         }, // Level 72
         {
            "dexteritry" : 0,
            "exp" : 170000000,
            "hp" : 0,
            "intelligence" : 0,
            "mp" : 0,
            "strength" : 0
         }, // Level 73
         {
            "dexteritry" : 0,
            "exp" : 190000000,
            "hp" : 0,
            "intelligence" : 0,
            "mp" : 0,
            "strength" : 0
         }, // Level 74
         {
            "dexteritry" : 0,
            "exp" : 210000000,
            "hp" : 0,
            "intelligence" : 0,
            "mp" : 0,
            "strength" : 0
         }, // Level 75
         {
            "dexteritry" : 0,
            "exp" : 240000000,
            "hp" : 0,
            "intelligence" : 0,
            "mp" : 0,
            "strength" : 0
         }, // Level 76
         {
            "dexteritry" : 0,
            "exp" : 270000000,
            "hp" : 0,
            "intelligence" : 0,
            "mp" : 0,
            "strength" : 0
         }, // Level 77
         {
            "dexteritry" : 0,
            "exp" : 300000000,
            "hp" : 0,
            "intelligence" : 0,
            "mp" : 0,
            "strength" : 0
         }, // Level 78
         {
            "dexteritry" : 0,
            "exp" : 340000000,
            "hp" : 0,
            "intelligence" : 0,
            "mp" : 0,
            "strength" : 0
         }, // Level 79
         {
            "dexteritry" : 0,
            "exp" : 380000000,
            "hp" : 0,
            "intelligence" : 0,
            "mp" : 0,
            "strength" : 0
         }, // Level 80
         {
            "dexteritry" : 0,
            "exp" : 420000000,
            "hp" : 0,
            "intelligence" : 0,
            "mp" : 0,
            "strength" : 0
         }, // Level 81
         {
            "dexteritry" : 0,
            "exp" : 470000000,
            "hp" : 0,
            "intelligence" : 0,
            "mp" : 0,
            "strength" : 0
         }, // Level 82
         {
            "dexteritry" : 0,
            "exp" : 520000000,
            "hp" : 0,
            "intelligence" : 0,
            "mp" : 0,
            "strength" : 0
         }, // Level 83
         {
            "dexteritry" : 0,
            "exp" : 580000000,
            "hp" : 0,
            "intelligence" : 0,
            "mp" : 0,
            "strength" : 0
         }, // Level 84
         {
            "dexteritry" : 0,
            "exp" : 640000000,
            "hp" : 0,
            "intelligence" : 0,
            "mp" : 0,
            "strength" : 0
         }, // Level 85
         {
            "dexteritry" : 0,
            "exp" : 710000000,
            "hp" : 0,
            "intelligence" : 0,
            "mp" : 0,
            "strength" : 0
         }, // Level 86
         {
            "dexteritry" : 0,
            "exp" : 790000000,
            "hp" : 0,
            "intelligence" : 0,
            "mp" : 0,
            "strength" : 0
         }, // Level 87
         {
            "dexteritry" : 0,
            "exp" : 880000000,
            "hp" : 0,
            "intelligence" : 0,
            "mp" : 0,
            "strength" : 0
         }, // Level 88
         {
            "dexteritry" : 0,
            "exp" : 980000000,
            "hp" : 0,
            "intelligence" : 0,
            "mp" : 0,
            "strength" : 0
         }, // Level 89
         {
            "dexteritry" : 0,
            "exp" : 1080000000,
            "hp" : 0,
            "intelligence" : 0,
            "mp" : 0,
            "strength" : 0
         }, // Level 90
         {
            "dexteritry" : 0,
            "exp" : 1190000000,
            "hp" : 0,
            "intelligence" : 0,
            "mp" : 0,
            "strength" : 0
         }, // Level 91
         {
            "dexteritry" : 0,
            "exp" : 1390000000,
            "hp" : 0,
            "intelligence" : 0,
            "mp" : 0,
            "strength" : 0
         }, // Level 92
         {
            "dexteritry" : 0,
            "exp" : 1520000000,
            "hp" : 0,
            "intelligence" : 0,
            "mp" : 0,
            "strength" : 0
         }, // Level 93
         {
            "dexteritry" : 0,
            "exp" : 1650000000,
            "hp" : 0,
            "intelligence" : 0,
            "mp" : 0,
            "strength" : 0
         }, // Level 94
         {
            "dexteritry" : 0,
            "exp" : 1790000000,
            "hp" : 0,
            "intelligence" : 0,
            "mp" : 0,
            "strength" : 0
         }, // Level 95
         {
            "dexteritry" : 0,
            "exp" : 1830000000,
            "hp" : 0,
            "intelligence" : 0,
            "mp" : 0,
            "strength" : 0
         }, // Level 96
         {
            "dexteritry" : 0,
            "exp" : 1980000000,
            "hp" : 0,
            "intelligence" : 0,
            "mp" : 0,
            "strength" : 0
         }, // Level 97
         {
            "dexteritry" : 0,
            "exp" : 2130000000,
            "hp" : 0,
            "intelligence" : 0,
            "mp" : 0,
            "strength" : 0
         }, // Level 98
         {
            "dexteritry" : 0,
            "exp" : 2300000000,
            "hp" : 0,
            "intelligence" : 0,
            "mp" : 0,
            "strength" : 0
         } // Level 99
      ],
      "promotions" : [ "도사", "도인", "명인", "진인", "진선" ]
   } // class id 4
]
