[
    [
        {
            "close": 51, 
            "open": 114
        }
    ], 
    [
        {
            "close": 57, 
            "open": 115
        }
    ], 
    [
        {
            "close": 76, 
            "open": 116
        }
    ], 
    [
        {
            "close": 82, 
            "open": 117
        }
    ], 
    [
        {
            "close": 128, 
            "open": 131
        }
    ], 
    [
        {
            "close": 129, 
            "open": 130
        }
    ], 
    [
        {
            "close": 247, 
            "open": 249
        }, 
        {
            "close": 248, 
            "open": 250
        }
    ], 
    [
        {
            "close": 283, 
            "open": 285
        }, 
        {
            "close": 284, 
            "open": 286
        }
    ], 
    [
        {
            "close": 338, 
            "open": 360
        }, 
        {
            "close": 339, 
            "open": 361
        }
    ], 
    [
        {
            "close": 340, 
            "open": 360
        }, 
        {
            "close": 341, 
            "open": 361
        }
    ], 
    [
        {
            "close": 342, 
            "open": 372
        }, 
        {
            "close": 343, 
            "open": 373
        }
    ], 
    [
        {
            "close": 344, 
            "open": 370
        }, 
        {
            "close": 345, 
            "open": 371
        }
    ], 
    [
        {
            "close": 346, 
            "open": 368
        }, 
        {
            "close": 347, 
            "open": 369
        }
    ], 
    [
        {
            "close": 348, 
            "open": 370
        }, 
        {
            "close": 349, 
            "open": 371
        }
    ], 
    [
        {
            "close": 350, 
            "open": 376
        }, 
        {
            "close": 351, 
            "open": 377
        }
    ], 
    [
        {
            "close": 352, 
            "open": 374
        }, 
        {
            "close": 353, 
            "open": 375
        }
    ], 
    [
        {
            "close": 354, 
            "open": 366
        }, 
        {
            "close": 355, 
            "open": 367
        }
    ], 
    [
        {
            "close": 356, 
            "open": 362
        }, 
        {
            "close": 357, 
            "open": 363
        }
    ], 
    [
        {
            "close": 358, 
            "open": 364
        }, 
        {
            "close": 359, 
            "open": 365
        }
    ], 
    [
        {
            "close": 394, 
            "open": 378
        }, 
        {
            "close": 395, 
            "open": 379
        }
    ], 
    [
        {
            "close": 487, 
            "open": 380
        }, 
        {
            "close": 488, 
            "open": 381
        }
    ], 
    [
        {
            "close": 783, 
            "open": 790
        }, 
        {
            "close": 784, 
            "open": 791
        }
    ], 
    [
        {
            "close": 2598, 
            "open": 2594
        }, 
        {
            "close": 2599, 
            "open": 2595
        }
    ], 
    [
        {
            "close": 8764, 
            "open": 8676
        }, 
        {
            "close": 8765, 
            "open": 8677
        }
    ], 
    [
        {
            "close": 2269, 
            "open": 2241
        }, 
        {
            "close": 2270, 
            "open": 2242
        }
    ], 
    [
        {
            "close": 2271, 
            "open": 2243
        }, 
        {
            "close": 2272, 
            "open": 2244
        }
    ], 
    [
        {
            "close": 2273, 
            "open": 2245
        }, 
        {
            "close": 2274, 
            "open": 2246
        }
    ], 
    [
        {
            "close": 2275, 
            "open": 2247
        }, 
        {
            "close": 2276, 
            "open": 2248
        }
    ], 
    [
        {
            "close": 2277, 
            "open": 2249
        }, 
        {
            "close": 2278, 
            "open": 2250
        }
    ], 
    [
        {
            "close": 2279, 
            "open": 2251
        }, 
        {
            "close": 2280, 
            "open": 2252
        }
    ], 
    [
        {
            "close": 2281, 
            "open": 2253
        }, 
        {
            "close": 2282, 
            "open": 2254
        }
    ], 
    [
        {
            "close": 2283, 
            "open": 2255
        }, 
        {
            "close": 2284, 
            "open": 2256
        }
    ], 
    [
        {
            "close": 2285, 
            "open": 2257
        }, 
        {
            "close": 2286, 
            "open": 2258
        }
    ], 
    [
        {
            "close": 2287, 
            "open": 2259
        }, 
        {
            "close": 2288, 
            "open": 2260
        }
    ], 
    [
        {
            "close": 2289, 
            "open": 2261
        }, 
        {
            "close": 2290, 
            "open": 2262
        }
    ], 
    [
        {
            "close": 2291, 
            "open": 2263
        }, 
        {
            "close": 2292, 
            "open": 2264
        }
    ], 
    [
        {
            "close": 2293, 
            "open": 2265
        }, 
        {
            "close": 2294, 
            "open": 2266
        }
    ], 
    [
        {
            "close": 2295, 
            "open": 2267
        }, 
        {
            "close": 2296, 
            "open": 2268
        }
    ], 
    [
        {
            "close": 2896, 
            "open": 2900
        }, 
        {
            "close": 2897, 
            "open": 2901
        }
    ], 
    [
        {
            "close": 2898, 
            "open": 2902
        }, 
        {
            "close": 2899, 
            "open": 2903
        }
    ], 
    [
        {
            "close": 2917, 
            "open": 2921
        }, 
        {
            "close": 2918, 
            "open": 2922
        }
    ], 
    [
        {
            "close": 2919, 
            "open": 2923
        }, 
        {
            "close": 2920, 
            "open": 2924
        }
    ], 
    [
        {
            "close": 3086, 
            "open": 3084
        }, 
        {
            "close": 3087, 
            "open": 3085
        }
    ], 
    [
        {
            "close": 3088, 
            "open": 3080
        }, 
        {
            "close": 3089, 
            "open": 3081
        }
    ], 
    [
        {
            "close": 3187, 
            "open": 3189
        }, 
        {
            "close": 3188, 
            "open": 3190
        }
    ], 
    [
        {
            "close": 3180, 
            "open": 3182
        }, 
        {
            "close": 3181, 
            "open": 3183
        }
    ], 
    [
        {
            "close": 3195, 
            "open": 3199
        }, 
        {
            "close": 3196, 
            "open": 3200
        }
    ], 
    [
        {
            "close": 3197, 
            "open": 3201
        }, 
        {
            "close": 3198, 
            "open": 3202
        }
    ], 
    [
        {
            "close": 6730, 
            "open": 6659
        }, 
        {
            "close": 6731, 
            "open": 6660
        }
    ], 
    [
        {
            "close": 8685, 
            "open": 8680
        }, 
        {
            "close": 8686, 
            "open": 8681
        }, 
        {
            "close": 8687, 
            "open": 8682
        }
    ], 
    [
        {
            "close": 53, 
            "open": 102
        }, 
        {
            "close": 54, 
            "open": 103
        }, 
        {
            "close": 55, 
            "open": 104
        }
    ], 
    [
        {
            "close": 78, 
            "open": 105
        }, 
        {
            "close": 79, 
            "open": 106
        }, 
        {
            "close": 80, 
            "open": 107
        }
    ], 
    [
        {
            "close": 96, 
            "open": 108
        }, 
        {
            "close": 97, 
            "open": 109
        }, 
        {
            "close": 98, 
            "open": 110
        }
    ], 
    [
        {
            "close": 99, 
            "open": 111
        }, 
        {
            "close": 100, 
            "open": 112
        }, 
        {
            "close": 101, 
            "open": 113
        }
    ], 
    [
        {
            "close": 5, 
            "open": 15
        }, 
        {
            "close": 6, 
            "open": 16
        }, 
        {
            "close": 7, 
            "open": 17
        }, 
        {
            "close": 8, 
            "open": 18
        }
    ]
]