{
    "000000": {
        "bgm": 0,
        "name": "가상계",
        "option": {
            "build in": false,
            "enabled die penalty": false,
            "enabled magic": false,
            "enabled pk": false,
            "enabled talk": true,
            "enabled whisper": true,
            "hunting ground": false
        },
        "parent": "000000"
    },
    "000001": {
        "bgm": 0,
        "name": "낙랑의방",
        "option": {
            "build in": false,
            "enabled die penalty": true,
            "enabled magic": true,
            "enabled pk": true,
            "enabled talk": true,
            "enabled whisper": true,
            "hunting ground": false
        },
        "parent": "000001"
    },
    "000015": {
        "bgm": 2,
        "name": "주막연실이네",
        "option": {
            "build in": false,
            "enabled die penalty": false,
            "enabled magic": true,
            "enabled pk": false,
            "enabled talk": true,
            "enabled whisper": true,
            "hunting ground": false
        },
        "parent": "000014"
    },
    "000315": {
        "bgm": 2,
        "name": "부여왕초보사냥1",
        "option": {
            "build in": false,
            "enabled die penalty": true,
            "enabled magic": true,
            "enabled pk": false,
            "enabled talk": true,
            "enabled whisper": true,
            "hunting ground": true
        },
        "parent": "000014"
    }
}
