{
    "부여왕초보사냥2": [
        {
            "area": {
                "x0": 1,
                "x1": 2,
                "y0": 1,
                "y1": 2
            },
            "count": 1,
            "name": "다람쥐",
            "rezen time": 300
        }
    ],
    "부여왕초보사냥3": [
        {
            "area": {
                "x0": 1,
                "x1": 18,
                "y0": 1,
                "y1": 17
            },
            "count": 13,
            "name": "다람쥐",
            "rezen time": 300
        },
        {
            "area": {
                "x0": 1,
                "x1": 18,
                "y0": 1,
                "y1": 17
            },
            "count": 13,
            "name": "토끼",
            "rezen time": 300
        },
        {
            "area": {
                "x0": 1,
                "x1": 18,
                "y0": 1,
                "y1": 17
            },
            "count": 3,
            "name": "암사슴",
            "rezen time": 600
        },
        {
            "area": {
                "x0": 1,
                "x1": 18,
                "y0": 1,
                "y1": 17
            },
            "count": 3,
            "name": "숫사슴",
            "rezen time": 600
        }
    ]
}