{
    "0": {
        "name": "낙랑",
        "look": 4,
        "color": 4
    },
    "1": {
        "name": "비도",
        "look": 3,
        "color": 1
    },
    "2": {
        "name": "랑구륜",
        "look": 50,
        "color": 0
    },
    "3": {
        "name": "부구륜",
        "look": 50,
        "color": 0
    },
    "4": {
        "name": "선구륜",
        "look": 50,
        "color": 0
    },
    "5": {
        "name": "은구륜",
        "look": 50,
        "color": 0
    },
    "6": {
        "name": "정구륜",
        "look": 50,
        "color": 0
    },
    "7": {
        "name": "왈숙네",
        "look": 15,
        "color": 3
    },
    "8": {
        "name": "연실네",
        "look": 15,
        "color": 3
    },
    "9": {
        "name": "떡쇠",
        "look": 7,
        "color": 3
    },
    "10": {
        "name": "털보",
        "look": 7,
        "color": 3
    },
    "11": {
        "name": "옥이",
        "look": 12,
        "color": 3
    },
    "12": {
        "name": "순이",
        "look": 12,
        "color": 3
    },
    "13": {
        "name": "예쁜이",
        "look": 6,
        "color": 3
    },
    "14": {
        "name": "이쁜이",
        "look": 6,
        "color": 3
    },
    "15": {
        "name": "뭉치",
        "look": 11,
        "color": 3
    },
    "16": {
        "name": "떼보",
        "look": 11,
        "color": 3
    },
    "17": {
        "name": "용상인",
        "look": 87,
        "color": 3
    },
    "18": {
        "name": "좌성황",
        "look": 10,
        "color": 3
    },
    "19": {
        "name": "우성황",
        "look": 10,
        "color": 3
    },
    "20": {
        "name": "마서",
        "look": 39,
        "color": 28
    },
    "21": {
        "name": "마로",
        "look": 39,
        "color": 28
    },
    "22": {
        "name": "예백",
        "look": 40,
        "color": 11
    },
    "23": {
        "name": "태백",
        "look": 40,
        "color": 11
    },
    "24": {
        "name": "처연",
        "look": 41,
        "color": 11
    },
    "25": {
        "name": "해두",
        "look": 41,
        "color": 11
    },
    "26": {
        "name": "선후",
        "look": 88,
        "color": 11
    },
    "27": {
        "name": "진선",
        "look": 88,
        "color": 11
    },
    "28": {
        "name": "도호귀인",
        "look": 74,
        "color": 0
    },
    "29": {
        "name": "백두산상인",
        "look": 549,
        "color": 4
    },
    "30": {
        "name": "고구려왕",
        "look": 496,
        "color": 4
    },
    "31": {
        "name": "부여왕",
        "look": 497,
        "color": 4
    },
    "32": {
        "name": "배전",
        "look": 44,
        "color": 0
    },
    "33": {
        "name": "흑천",
        "look": 563,
        "color": 0
    },
    "34": {
        "name": "초보사냥터도우미",
        "look": 82,
        "color": 0
    },
    "35": {
        "name": "쥐굴도우미",
        "look": 82,
        "color": 0
    },
    "36": {
        "name": "사슴굴도우미",
        "look": 82,
        "color": 0
    },
    "37": {
        "name": "돼지굴도우미",
        "look": 82,
        "color": 0
    },
    "38": {
        "name": "곰굴도우미",
        "look": 82,
        "color": 0
    },
    "39": {
        "name": "여우굴도우미",
        "look": 82,
        "color": 0
    },
    "40": {
        "name": "인형굴도우미",
        "look": 82,
        "color": 0
    },
    "41": {
        "name": "해골굴도우미",
        "look": 82,
        "color": 0
    },
    "42": {
        "name": "유령굴도우미",
        "look": 82,
        "color": 0
    },
    "43": {
        "name": "흑해골굴도우미",
        "look": 82,
        "color": 0
    },
    "44": {
        "name": "흑령굴굴도우미",
        "look": 82,
        "color": 0
    },
    "45": {
        "name": "사마귀굴도우미",
        "look": 82,
        "color": 0
    },
    "46": {
        "name": "전갈굴도우미",
        "look": 82,
        "color": 0
    },
    "47": {
        "name": "백륜동도우미",
        "look": 82,
        "color": 0
    },
    "48": {
        "name": "물망동도우미",
        "look": 82,
        "color": 0
    },
    "49": {
        "name": "흉가도우미",
        "look": 82,
        "color": 0
    },
    "50": {
        "name": "자호굴도우미",
        "look": 82,
        "color": 0
    },
    "51": {
        "name": "비밀세작도우미",
        "look": 82,
        "color": 0
    },
    "53": {
        "name": "암표상",
        "look": 302,
        "color": 0
    },
    "55": {
        "name": "사용자오엑스도우미",
        "look": 72,
        "color": 0
    },
    "56": {
        "name": "영채",
        "look": 57,
        "color": 0
    },
    "57": {
        "name": "얼음돌이",
        "look": 87,
        "color": 3
    },
    "58": {
        "name": "사용자오엑스도우미",
        "look": 58,
        "color": 0
    },
    "59": {
        "name": "떡쇠마누라",
        "look": 15,
        "color": 3
    },
    "60": {
        "name": "부여무기장인",
        "look": 68,
        "color": 1
    },
    "61": {
        "name": "옹기장수",
        "look": 78,
        "color": 3
    },
    "62": {
        "name": "방물장수",
        "look": 6,
        "color": 3
    },
    "63": {
        "name": "소소",
        "look": 547,
        "color": 4
    },
    "64": {
        "name": "재봉사",
        "look": 78,
        "color": 3
    },
    "65": {
        "name": "테스트1",
        "look": 494,
        "color": 10
    },
    "66": {
        "name": "테스트2",
        "look": 91,
        "color": 0
    },
    "67": {
        "name": "고구려경비대장",
        "look": 492,
        "color": 4
    },
    "68": {
        "name": "고구려경비병",
        "look": 493,
        "color": 4
    },
    "69": {
        "name": "부여경비대장",
        "look": 492,
        "color": 7
    },
    "70": {
        "name": "부여경비병",
        "look": 493,
        "color": 7
    },
    "71": {
        "name": "테스트3",
        "look": 78,
        "color": 8
    },
    "72": {
        "name": "폭12지입장",
        "look": 87,
        "color": 3
    },
    "73": {
        "name": "방송",
        "look": 87,
        "color": 3
    },
    "74": {
        "name": "테스트4",
        "look": 264,
        "color": 5
    },
    "75": {
        "name": "용왕",
        "look": 416,
        "color": 0
    },
    "76": {
        "name": "좌선녀",
        "look": 414,
        "color": 0
    },
    "77": {
        "name": "우선녀",
        "look": 415,
        "color": 0
    },
    "78": {
        "name": "고용상인",
        "look": 302,
        "color": 0
    },
    "79": {
        "name": "부여선원",
        "look": 305,
        "color": 0
    },
    "80": {
        "name": "배",
        "look": 321,
        "color": 0
    },
    "83": {
        "name": "일본포목상",
        "look": 6,
        "color": 3
    },
    "84": {
        "name": "일본주모",
        "look": 15,
        "color": 3
    },
    "85": {
        "name": "일본푸줏간",
        "look": 12,
        "color": 3
    },
    "86": {
        "name": "일본대장장이",
        "look": 7,
        "color": 3
    },
    "87": {
        "name": "백이",
        "look": 87,
        "color": 3
    },
    "88": {
        "name": "이동엔피씨",
        "look": 87,
        "color": 3
    },
    "89": {
        "name": "문파대리인",
        "look": 204,
        "color": 0
    },
    "90": {
        "name": "천성현",
        "look": 220,
        "color": 0
    },
    "91": {
        "name": "도삭산주모",
        "look": 486,
        "color": 3
    },
    "92": {
        "name": "노망난돼지",
        "look": 20,
        "color": 10
    },
    "93": {
        "name": "파괴왕",
        "look": 297,
        "color": 0
    },
    "94": {
        "name": "테스트5",
        "look": 147,
        "color": 10
    },
    "95": {
        "name": "무타",
        "look": 544,
        "color": 0
    },
    "96": {
        "name": "천성랑",
        "look": 50,
        "color": 0
    },
    "97": {
        "name": "무한장",
        "look": 87,
        "color": 3
    },
    "98": {
        "name": "용노인",
        "look": 170,
        "color": 11
    },
    "99": {
        "name": "신생유저도우미",
        "look": 448,
        "color": 0
    },
    "100": {
        "name": "장안황제",
        "look": 498,
        "color": 0
    },
    "101": {
        "name": "북방상점1",
        "look": 64,
        "color": 0
    },
    "102": {
        "name": "북방상점2",
        "look": 65,
        "color": 0
    },
    "103": {
        "name": "북방상점3",
        "look": 66,
        "color": 0
    },
    "104": {
        "name": "북방상점4",
        "look": 67,
        "color": 0
    },
    "105": {
        "name": "주막행자",
        "look": 69,
        "color": 0
    },
    "106": {
        "name": "황만령",
        "look": 555,
        "color": 0
    },
    "107": {
        "name": "도재영",
        "look": 538,
        "color": 0
    },
    "108": {
        "name": "도성연",
        "look": 554,
        "color": 0
    },
    "109": {
        "name": "도재천",
        "look": 553,
        "color": 0
    },
    "110": {
        "name": "도주영",
        "look": 540,
        "color": 0
    },
    "111": {
        "name": "도태연",
        "look": 551,
        "color": 0
    },
    "112": {
        "name": "원주민장로",
        "look": 601,
        "color": 0
    },
    "113": {
        "name": "원주민정령사",
        "look": 585,
        "color": 1
    },
    "114": {
        "name": "원주민주술사",
        "look": 611,
        "color": 7
    },
    "115": {
        "name": "준준",
        "look": 599,
        "color": 0
    },
    "116": {
        "name": "전전",
        "look": 617,
        "color": 0
    },
    "117": {
        "name": "조염",
        "look": 559,
        "color": 0
    },
    "118": {
        "name": "진진",
        "look": 600,
        "color": 0
    },
    "119": {
        "name": "찬찬",
        "look": 613,
        "color": 0
    },
    "120": {
        "name": "탕탕대감",
        "look": 602,
        "color": 0
    },
    "121": {
        "name": "퉁퉁대감",
        "look": 603,
        "color": 0
    },
    "122": {
        "name": "통통대감",
        "look": 604,
        "color": 0
    },
    "123": {
        "name": "폭염도미용사",
        "look": 547,
        "color": 0
    },
    "124": {
        "name": "폭염왕장식품",
        "look": 594,
        "color": 0
    },
    "125": {
        "name": "화사화사",
        "look": 581,
        "color": 2
    },
    "126": {
        "name": "화화",
        "look": 556,
        "color": 0
    },
    "127": {
        "name": "환상의섬무당",
        "look": 661,
        "color": 0
    },
    "128": {
        "name": "환상의섬잡화상",
        "look": 607,
        "color": 0
    },
    "129": {
        "name": "환상의섬갑옷상",
        "look": 609,
        "color": 0
    },
    "130": {
        "name": "환상의섬대장장이",
        "look": 612,
        "color": 0
    },
    "131": {
        "name": "환상의섬주모",
        "look": 606,
        "color": 0
    },
    "132": {
        "name": "환상의섬포목상",
        "look": 608,
        "color": 0
    },
    "133": {
        "name": "돌순이",
        "look": 597,
        "color": 0
    },
    "134": {
        "name": "돌돌이",
        "look": 598,
        "color": 0
    },
    "135": {
        "name": "남문행자",
        "look": 69,
        "color": 0
    },
    "136": {
        "name": "선착행자",
        "look": 69,
        "color": 0
    },
    "137": {
        "name": "용소환",
        "look": 562,
        "color": 0
    },
    "138": {
        "name": "마석주",
        "look": 548,
        "color": 0
    },
    "139": {
        "name": "천금장인",
        "look": 203,
        "color": 0
    },
    "140": {
        "name": "백의장인",
        "look": 152,
        "color": 2
    },
    "141": {
        "name": "여행객",
        "look": 3,
        "color": 0
    },
    "143": {
        "name": "중국공주",
        "look": 332,
        "color": 0
    },
    "144": {
        "name": "거북장군",
        "look": 398,
        "color": 0
    },
    "145": {
        "name": "말단선원",
        "look": 426,
        "color": 27
    },
    "146": {
        "name": "도사팔괘",
        "look": 3,
        "color": 0
    },
    "147": {
        "name": "북천황신수",
        "look": 253,
        "color": 0
    },
    "148": {
        "name": "호박",
        "look": 441,
        "color": 0
    },
    "149": {
        "name": "무한장",
        "look": 87,
        "color": 0
    },
    "150": {
        "name": "청룡공성엔피시",
        "look": 441,
        "color": 0
    },
    "151": {
        "name": "주작공성엔피시",
        "look": 441,
        "color": 1
    },
    "152": {
        "name": "백호공성엔피시",
        "look": 441,
        "color": 2
    },
    "153": {
        "name": "현무공성엔피시",
        "look": 441,
        "color": 3
    },
    "154": {
        "name": "혜천대사",
        "look": 301,
        "color": 0
    },
    "155": {
        "name": "수선도사",
        "look": 212,
        "color": 0
    },
    "156": {
        "name": "한빙장",
        "look": 87,
        "color": 3
    },
    "157": {
        "name": "무달",
        "look": 78,
        "color": 3
    },
    "158": {
        "name": "무두",
        "look": 78,
        "color": 3
    },
    "159": {
        "name": "장돌뱅이",
        "look": 87,
        "color": 3
    },
    "160": {
        "name": "백열장",
        "look": 301,
        "color": 0
    },
    "161": {
        "name": "망치상인",
        "look": 487,
        "color": 0
    },
    "162": {
        "name": "표신궁역사가",
        "look": 554,
        "color": 0
    },
    "163": {
        "name": "오엑스",
        "look": 58,
        "color": 0
    },
    "164": {
        "name": "말타기",
        "look": 549,
        "color": 0
    },
    "165": {
        "name": "천층상점",
        "look": 541,
        "color": 0
    },
    "166": {
        "name": "일본포목상",
        "look": 6,
        "color": 4
    },
    "167": {
        "name": "전전",
        "look": 615,
        "color": 0
    },
    "168": {
        "name": "먹염",
        "look": 542,
        "color": 0
    },
    "169": {
        "name": "고구려선원",
        "look": 210,
        "color": 0
    },
    "170": {
        "name": "부여미궁방천화극상",
        "look": 58,
        "color": 0
    },
    "171": {
        "name": "고균도푸줏간",
        "look": 610,
        "color": 0
    },
    "172": {
        "name": "금고주인",
        "look": 215,
        "color": 0
    },
    "173": {
        "name": "비단장수",
        "look": 490,
        "color": 0
    },
    "174": {
        "name": "진백랑",
        "look": 590,
        "color": 0
    },
    "175": {
        "name": "고구려무도가",
        "look": 300,
        "color": 0
    },
    "176": {
        "name": "소림사승려",
        "look": 439,
        "color": 0
    },
    "177": {
        "name": "원주민주술사",
        "look": 611,
        "color": 0
    },
    "178": {
        "name": "중국갑옷",
        "look": 489,
        "color": 0
    },
    "179": {
        "name": "중국주모",
        "look": 486,
        "color": 0
    },
    "180": {
        "name": "나무꾼",
        "look": 487,
        "color": 0
    },
    "181": {
        "name": "안도",
        "look": 206,
        "color": 0
    },
    "182": {
        "name": "마타",
        "look": 544,
        "color": 0
    },
    "183": {
        "name": "조왕의동생",
        "look": 45,
        "color": 0
    },
    "184": {
        "name": "돈유합의달인",
        "look": 41,
        "color": 0
    },
    "185": {
        "name": "표신궁역사가",
        "look": 554,
        "color": 0
    },
    "186": {
        "name": "천선도사",
        "look": 52,
        "color": 0
    },
    "187": {
        "name": "파바로",
        "look": 611,
        "color": 1
    },
    "188": {
        "name": "고균도선착행자",
        "look": 69,
        "color": 0
    },
    "189": {
        "name": "영채",
        "look": 57,
        "color": 3
    },
    "190": {
        "name": "하태현",
        "look": 541,
        "color": 0
    },
    "191": {
        "name": "도태연",
        "look": 551,
        "color": 0
    },
    "192": {
        "name": "하문주",
        "look": 556,
        "color": 0
    },
    "193": {
        "name": "우가풍",
        "look": 53,
        "color": 1
    },
    "194": {
        "name": "부여-섬선원",
        "look": 305,
        "color": 0
    },
    "195": {
        "name": "부여-섬뱃사공",
        "look": 305,
        "color": 0
    },
    "196": {
        "name": "고구려-섬선원",
        "look": 305,
        "color": 0
    },
    "197": {
        "name": "고구려-섬뱃사공",
        "look": 305,
        "color": 0
    },
    "198": {
        "name": "부여고균도매표상",
        "look": 302,
        "color": 0
    },
    "199": {
        "name": "고구려고균도매표상",
        "look": 302,
        "color": 0
    },
    "200": {
        "name": "흉노상점1",
        "look": 3,
        "color": 0
    },
    "201": {
        "name": "흉노상점2",
        "look": 3,
        "color": 0
    },
    "202": {
        "name": "흉노상점3",
        "look": 3,
        "color": 0
    },
    "203": {
        "name": "흉노상점4",
        "look": 3,
        "color": 0
    },
    "204": {
        "name": "부여-일본섬선원",
        "look": 305,
        "color": 0
    },
    "205": {
        "name": "부여-일본섬뱃사공",
        "look": 305,
        "color": 0
    },
    "206": {
        "name": "고구려-일본섬선원",
        "look": 305,
        "color": 0
    },
    "207": {
        "name": "고구려-일본섬뱃사공",
        "look": 305,
        "color": 0
    },
    "208": {
        "name": "백삼",
        "look": 87,
        "color": 3
    },
    "209": {
        "name": "사천족제사장",
        "look": 342,
        "color": 0
    },
    "210": {
        "name": "산소소탕병사",
        "look": 495,
        "color": 0
    },
    "211": {
        "name": "산소소탕대장",
        "look": 494,
        "color": 0
    },
    "212": {
        "name": "공성성황",
        "look": 10,
        "color": 3
    },
    "213": {
        "name": "미궁상점",
        "look": 72,
        "color": 0
    },
    "214": {
        "name": "열쇠교환상",
        "look": 53,
        "color": 3
    },
    "215": {
        "name": "서천좌상",
        "look": 494,
        "color": 0
    },
    "216": {
        "name": "한상약",
        "look": 565,
        "color": 0
    },
    "217": {
        "name": "벽돌장수",
        "look": 39,
        "color": 0
    },
    "218": {
        "name": "장안성대장간",
        "look": 487,
        "color": 0
    },
    "219": {
        "name": "대방성푸줏간",
        "look": 488,
        "color": 0
    },
    "220": {
        "name": "현도성푸줏간",
        "look": 488,
        "color": 0
    },
    "221": {
        "name": "혼례식도우미",
        "look": 4,
        "color": 0
    },
    "222": {
        "name": "주례사",
        "look": 4,
        "color": 3
    },
    "223": {
        "name": "주작성문지기",
        "look": 1,
        "color": 31
    },
    "224": {
        "name": "청룡성문지기",
        "look": 1,
        "color": 2
    },
    "225": {
        "name": "현무성문지기",
        "look": 1,
        "color": 3
    },
    "226": {
        "name": "백호성문지기",
        "look": 1,
        "color": 11
    },
    "227": {
        "name": "공성타이머",
        "look": 999,
        "color": 0
    },
    "228": {
        "name": "성문문지기1",
        "look": 1,
        "color": 0
    },
    "229": {
        "name": "호위무사",
        "look": 303,
        "color": 0
    },
    "230": {
        "name": "대방성주모",
        "look": 486,
        "color": 0
    },
    "231": {
        "name": "장안성장군",
        "look": 492,
        "color": 0
    },
    "232": {
        "name": "상해주민",
        "look": 550,
        "color": 0
    },
    "233": {
        "name": "병든아이어머니",
        "look": 16,
        "color": 0
    },
    "234": {
        "name": "병든아이",
        "look": 13,
        "color": 0
    },
    "235": {
        "name": "복건성태자",
        "look": 5,
        "color": 0
    },
    "236": {
        "name": "남천좌상",
        "look": 493,
        "color": 0
    },
    "237": {
        "name": "떡쇠마누라",
        "look": 15,
        "color": 3
    },
    "238": {
        "name": "채희",
        "look": 72,
        "color": 0
    },
    "239": {
        "name": "건포상",
        "look": 7,
        "color": 3
    },
    "240": {
        "name": "보약의달인",
        "look": 41,
        "color": 2
    },
    "241": {
        "name": "주경원",
        "look": 7,
        "color": 0
    },
    "242": {
        "name": "광동성푸줏간",
        "look": 488,
        "color": 0
    },
    "243": {
        "name": "성문문지기2",
        "look": 1,
        "color": 0
    },
    "244": {
        "name": "성문문지기3",
        "look": 1,
        "color": 0
    },
    "245": {
        "name": "성문문지기4",
        "look": 1,
        "color": 0
    },
    "246": {
        "name": "성문문지기5",
        "look": 1,
        "color": 0
    },
    "247": {
        "name": "성문문지기6",
        "look": 1,
        "color": 0
    },
    "248": {
        "name": "성문문지기7",
        "look": 1,
        "color": 0
    },
    "249": {
        "name": "성문문지기8",
        "look": 1,
        "color": 0
    },
    "250": {
        "name": "시계장인",
        "look": 8,
        "color": 3
    }
}